يطالب,1096,0
تاجيل,1007,0
تطالب,838,0
ينفي,677,-1
يدعو,598,1
تنفي,563,-1
يلتقي,547,0
يكتب,524,0
يعلن,504,0
يقطعون,496,-2
تعلن,474,0
يؤكد,474,1
تدعو,439,1
يصل,421,0
يتهم,416,-3
تشكيل,411,0
يبحث,355,0
يزور,340,0
ترفض,323,-2
تؤكد,302,1
يرفض,292,-2
يتظاهرون,286,0
يغادر,267,0
تنشر,265,0
تصادم,263,-1
يوافق,258,1
تجديد,256,0
توقف,250,0
تبدا,250,0
تجدد,250,0
تقرر,249,0
يستقبل,243,0
تدين,242,-4
يدين,241,-4
تامر,240,0
تونس,228,0
يطالبون,222,0
يوسف,218,0
يجب,218,1
تقرير,217,0
تطلق,213,-1
يشارك,208,0
يفتتح,203,1
يغلقون,202,-2
توافق,193,1
تنظم,192,0
تؤجل,189,0
يناقش,188,0
يحذر,185,-2
تكشف,182,-2
يطلق,181,-1
يعود,179,0
يامر,178,0
تايمز,177,0
تحذر,177,-2
تواصل,177,0
تحت,176,0
تحقق,174,0
يقتل,174,-4
يكشف,173,-2
يعقد,172,0
تضبط,171,-2
تصل,168,0
يبدا,165,0
تعيين,165,0
ياسر,164,0
تناقش,164,0
تتهم,161,-4
تهريب,160,0
يقرر,160,0
تركيا,157,0
يد,153,0
يهدد,153,-4
يجتمع,146,0
تشارك,143,0
يقتحمون,143,-3
تنظر,143,0
يتقدم,143,0
تاجر,143,0
يجري,137,0
يحاولون,136,0
يا,133,0
يتفقد,133,3
يطلب,132,1
يناير,131,0
تنفيذ,131,0
تعقد,130,0
تطلب,130,0
تصدر,128,0
تهدد,125,-4
تبحث,120,0
تستنكر,119,-3
تعرض,119,0
يوم,118,0
تحقيقات,118,0
يشيد,116,4
يحيل,115,-1
يوما,115,0
تقدم,113,0
تدرس,112,0
يتوجه,111,0
يستنكر,110,-3
تخلي,109,0
تستدعي,108,0
تصريحات,107,0
تستمع,107,0
يرحب,107,4
يواصلون,106,0
تقضي,103,0
يواجه,103,-2
يشهد,103,0
تعليقا,102,0
يهددون,102,-4
يقدم,101,0
يحدث,101,0
يصدر,100,0
تواضروس,100,0
تم,99,0
تحبط,99,3
يحاول,99,1
تعذيب,97,-4
تويتر,97,0
تعيد,97,0
يشكل,96,0
تسعي,96,0
ينظمون,95,0
تظاهرات,95,0
يحاصرون,93,0
تشريعية,93,0
يمكن,93,0
ترحب,92,4
تحقيق,92,0
تستعد,92,0
تحرير,92,0
يسود,92,0
تلقي,92,0
ينظم,91,0
يستعرض,91,1
يطلقون,90,-2
يفوز,90,3
ياسين,90,0
يواصل,90,0
ترفع,88,1
يحمل,87,-2
يشعلون,87,-4
تراجع,87,-2
تحتفل,87,4
تعود,86,0
يلقون,86,-3
تطرح,86,0
تغيير,85,0
يتم,85,0
يعلنون,85,0
يرفضون,85,-2
يدعون,84,0
تعاون,83,1
يضرب,83,-2
يضبط,82,0
يناشد,82,0
تفاصيل,82,0
يشاركون,80,0
توقيع,79,0
يهاجمون,79,-3
يعد,78,0
تدخل,78,0
تنظيم,78,0
تستضيف,78,0
تحدد,78,0
تؤيد,77,1
تفتح,76,0
يوجد,76,0
تحمل,76,-2
تجتمع,75,0
يتهمون,75,-4
توافد,74,0
يعرض,74,0
ينجح,73,4
ينهي,72,0
تنتهي,72,0
يلقي,72,0
يؤجل,72,0
يهاجم,71,-3
يقضي,71,0
توزيع,71,0
يمنع,71,-2
ينتقد,70,-4
يكلف,70,0
تمنع,70,-2
يقود,69,0
يسري,69,0
يكرم,69,4
تطوير,69,4
يعتدون,68,-4
يريد,68,0
تاخر,67,-1
توك,67,0
تحالف,67,0
يضربون,67,-4
يصف,67,0
تنتقد,66,-4
تجري,66,0
تظاهر,66,0
يطرح,66,0
تتسلم,66,0
تتقدم,65,1
يجدد,65,0
يوتيوب,65,0
يسيطر,64,-2
يمنح,64,1
يعتذر,64,2
تشكل,63,0
تغلق,63,-2
تصاعد,63,-2
تهريبها,62,-3
يعتمد,62,0
تنجح,62,4
تخاطب,62,0
يحيي,61,0
تيار,61,0
ينظر,61,0
تامين,61,1
تواجه,60,-3
يرشقون,60,-4
تزايد,60,0
توقع,59,0
يعتصمون,59,-3
يحقق,59,
يرد,59,
تبادل,58,
تعديل,58,
يؤدي,57,
توجد,57,
يؤيد,57,
تعطل,57,
تستقبل,57,
يعيد,57,
يقتلون,57,
يتراجع,57,
يوجه,57,
تلغي,57,
يقوم,56,
تضع,56,
تظاهرة,56,
تنحي,55,
يحبط,55,
يسقط,55,
يوقع,54,
ترحيل,54,
تقارير,54,
تدفع,54,
يحتجون,54,
تعتقل,53,
تعد,53,
يشكر,53,
تفجير,53,
يعترف,53,
يقول,52,
ترسل,52,
يسعي,52,
تطبيق,52,
توفيق,52,
تجربة,51,
يضع,51,
ترصد,51,
يقر,50,
يثير,50,
تناشد,50,
تكون,50,
ينعي,50,
يعرب,50,
يتسبب,50,
تكثف,49,
تعبر,49,
تشييع,49,
يتعهد,49,
تقتل,48,
ينهون,48,
يقيم,48,
تجمهر,48,
يسمح,48,
يحرقون,48,
يستقيل,47,
يقترح,47,
يتعرض,47,
يسرقون,47,
تحطم,47,
يشعل,46,
تدشين,46,
تهاجم,46,
تسيطر,46,
تسمح,46,
تعزيزات,46,
تتجه,46,
يتابع,46,
يدفع,45,
تتبني,45,
تنطلق,45,
يتراس,45,
تثير,45,
يجوز,45,
تركية,45,
تحث,45,
يستانف,45,
يكون,45,
تحتاج,44,
يتسلم,44,
تنتظر,44,
تستانف,44,
يقبل,44,
تحاول,44,
تنهي,44,
يحث,44,
تريد,44,
تدعم,44,
تجمع,44,
تعرب,44,
تحيل,43,
تستعجل,43,
يعين,43,
يغلق,43,
توصي,42,
تعتزم,42,
يفتتحان,42,
تنقذ,42,
تقاطع,42,
ينشر,42,
تستكمل,42,
يستولون,41,
تقديم,41,
يكثف,41,
تعليم,41,
يدرس,41,
يتلقي,41,
يلتهم,41,
يتوقع,40,
يحدد,40,
تنمية,40,
تاييد,40,
تعاين,40,
يهتفون,40,
تكريم,40,
تشيد,40,
يسلم,39,
يطير,39,
تتسبب,39,
يهنئ,39,
يبحثان,39,
تنفذ,39,
يخلي,39,
يستضيف,39,
تقيم,39,
تلتقي,38,
يختار,38,
تزور,38,
ينتهي,38,
تجاهل,38,
تموين,38,
يتحدث,38,
يستمع,38,
تقصي,38,
يرسل,38,
تسرب,37,
تحيي,37,
يحطمون,37,
يراس,37,
تتعرض,37,
تاريخ,37,
تتابع,37,
يورو,37,
يكفي,37,
تسلم,36,
تسلل,36,
تخصيص,36,
يوقف,36,
يدعم,36,
يتجمعون,36,
تتمكن,36,
يلغي,36,
يفتح,36,
يكافئ,36,
ترد,36,
تندد,36,
تجار,36,
ياريس,36,
تعمل,36,
تغادر,36,
تشغيل,36,
يمثل,36,
يتوجهون,35,
تقول,35,
تعديلات,35,
تباشر,35,
يمنعون,35,
تحديد,35,
يونس,35,
يطعن,34,
تستخدم,34,
يتقدمون,34,
يستعد,34,
تشافيز,34,
تطعن,34,
تشهد,34,
تضامنا,34,
يكن,34,
تكرم,33,
يحملون,33,
تطارد,33,
تحسن,33,
تضم,33,
تجوب,33,
تهرب,33,
تتظاهر,32,
يصيب,32,
يستخدم,32,
تريكة,32,
يدخلون,32,
تفوز,32,
يحتفل,32,
يرفع,32,
تفرج,32,
تابعة,32,
يحتجزون,32,
تتصدر,32,
يفتحون,32,
تقسيم,32,
تام,32,
تقوم,31,
يدشن,31,
تتلقي,31,
تضرب,31,
يقاطع,31,
تنقل,31,
تنديدا,31,
تتضامن,31,
يخيم,31,
يؤدون,31,
يصلان,31,
توجه,31,
تعتذر,31,
تخصص,31,
تصف,31,
يزيد,30,
تمثال,30,
ترويجها,30,
ينفذ,30,
ترحل,30,
تمثل,30,
يروي,30,
تحسم,30,
تدريب,30,
تمنح,30,
تعيش,30,
تظلم,30,
يدخل,30,
تهتف,30,
تتحدي,30,
تقبل,30,
تستهدف,30,
تايلاند,30,
يعتزم,29,
تكثيف,29,
تبدي,29,
يقررون,29,
تظهر,29,
تنفرد,29,
تفعيل,29,
يؤثر,29,
يحضر,29,
يرفعون,29,
تهمة,29,
يعتدي,29,
يتحدي,29,
تسليم,29,
تعلق,29,
يسيطرون,29,
يتجهون,29,
يستبعد,29,
تزيد,28,
تتحول,28,
تختار,28,
تعثر,28,
يندد,28,
يستعين,28,
تستعين,28,
تغير,28,
يديعوت,28,
تهديد,28,
تخشي,28,
تتفق,28,
ترشح,27,
تسير,27,
تشعل,27,
يوليو,27,
توفير,27,
تسليح,27,
تؤدي,27,
تعتمد,27,
تامل,27,
يستدعي,26,
تنسحب,26,
تصرف,26,
تنضم,26,
يفقد,26,
يبداون,26,
تسقط,26,
ينضم,25,
تموينية,25,
يقف,25,
يسرق,25,
ينقل,25,
يومين,25,
يطارد,25,
يقترب,25,
يخاطب,25,
يحتشدون,25,
يرتفع,25,
يختتم,25,
تابين,25,
يسير,25,
تعرية,25,
يتدخل,25,
يتضامن,25,
تخترق,25,
يغيب,25,
تشكيلات,24,
تطوف,24,
يتجمهرون,24,
يظهر,24,
يذبح,24,
تزال,24,
يشن,24,
تسجيل,24,
يخرج,24,
تدريبات,24,
يشاركان,24,
تعليق,24,
تشديد,24,
يمني,24,
تتوقع,24,
تفاقم,24,
تواجد,24,
تتوجه,23,
يحرر,23,
تضامنية,23,
تبرئ,23,
يتوافدون,23,
تحول,23,
يتبني,23,
تشكر,23,
يوصي,23,
تكلف,23,
يتصدر,23,
تهاني,23,
تمد,23,
توقيف,23,
ينسحب,23,
تجاه,23,
يلجا,23,
تحصل,23,
تؤثر,23,
يرصد,23,
ترخيص,23,
تكتب,23,
يستجيب,22,
تعترف,22,
تقود,22,
يؤكدون,22,
تجبر,22,
يعبر,22,
يقيل,22,
يعلق,22,
تمر,22,
تفجيرات,22,
تجمعات,22,
توفي,22,
توفر,22,
يعترض,22,
يقودان,22,
تحدث,22,
يعمل,22,
تحكم,22,
يدير,22,
تمارس,22,
تودع,22,
يونايتد,22,
تعاني,22,
تخسر,21,
يثبت,21,
يضم,21,
تعزيز,21,
يتمكن,21,
تحويل,21,
يحررون,21,
تشتعل,21,
تخرج,21,
تعني,21,
تحجز,21,
تحريات,21,
تتراجع,21,
يغادران,21,
تليجراف,21,
يتنازل,21,
تغرق,21,
تقطع,21,
تكدس,21,
تصيب,21,
يسعون,21,
تونسي,21,
تهديدات,21,
تتعامل,21,
تسحب,21,
تركي,21,
يعقوب,20,
يخطف,20,
تدريبية,20,
تاسيس,20,
يتصل,20,
توقعان,20,
تتجاهل,20,
تي,20,
يريدون,20,
تعدي,20,
تعويضات,20,
ينقذ,20,
تحطيم,20,
تصوير,20,
تدشن,20,
تلاحق,20,
تردد,20,
تحل,20,
تهدف,20,
يوقفون,20,
تفرض,20,
يصلون,20,
تعترض,20,
تمهل,20,
يقتحم,20,
يستقبلون,20,
يحرق,19,
يبيع,19,
يعتقل,19,
يحتاج,19,
يستهدف,19,
يعطي,19,
ترعة,19,
يلزم,19,
تلزم,19,
يستعدون,19,
تحشد,19,
تعليمات,19,
تصريح,19,
تجارة,19,
يزيلون,19,
ياتي,19,
يخوض,19,
يعتبر,19,
يتحمل,19,
يستطيع,19,
تحمّل,19,
ينتدب,19,
يطلبون,19,
يزورون,18,
يحتفلون,18,
تتعهد,18,
يعلقون,18,
ينتمي,18,
يغادرون,18,
تزوير,18,
يقطع,18,
يشدد,18,
تكذب,18,
يستقر,18,
تقترح,18,
يبحثون,18,
يغلب,18,
ينتظر,18,
تحسبا,18,
تحميل,18,
تتحدث,18,
يكذب,18,
يسجل,18,
يتحدون,18,
تنعي,18,
تاريخية,18,
تستغل,18,
يدافع,18,
تحركات,18,
يشكلون,18,
تعرضت,18,
تريبيون,18,
تصفية,18,
يحكم,18,
يذبحون,18,
يحاصر,18,
يتفقان,18,
تصدير,18,
يغير,18,
يونيو,17,
تلقيت,17,
تنتقل,17,
يهزم,17,
يجمع,17,
يقبض,17,
تباين,17,
يري,17,
تطيح,17,
تقترب,17,
تتحفظ,17,
تشن,17,
يتصدي,17,
يتجه,17,
تبث,17,
تاكسي,17,
يقيمون,17,
يتوقعون,17,
تشيع,17,
يطمئن,17,
يستغلون,17,
يبدي,17,
تبرئة,17,
يفجر,17,
تستجيب,17,
تغني,17,
يستولي,17,
تستعيد,17,
تمهيدا,17,
يهز,17,
يشنق,17,
يعني,17,
يشتبه,17,
تحكيم,16,
يقدمون,16,
توقعات,16,
تعزز,16,
يحسم,16,
تؤمن,16,
يفرج,16,
تقتحم,16,
يدعي,16,
تتولي,16,
يؤكدان,16,
يقاطعون,16,
تفتتح,16,
يراجع,16,
يحصل,16,
تصرح,16,
تمويل,16,
تصنيع,16,
يرقصون,16,
يعاودون,16,
تقلل,16,
يحظر,16,
تثبت,16,
تسجل,16,
يستنكرون,16,
ترامادول,16,
تقر,16,
تشترط,16,
تبحثان,16,
تولي,16,
تخفيض,16,
تستعرض,16,
تعين,15,
يغتصب,15,
يرشح,15,
تماما,15,
تحبس,15,
تتاثر,15,
يصدق,15,
تصدم,15,
يعاني,15,
يلاحق,15,
توجيه,15,
تحتجز,15,
تيسير,15,
يطردون,15,
تداول,15,
تتعاون,15,
توسع,15,
يساعد,15,
تحاصر,15,
يعترضون,15,
يلعب,15,
تشيلي,15,
تداعيات,15,
تونسية,15,
يحل,15,
تعطي,15,
تمرد,15,
يسافر,15,
يوفر,15,
يفضون,15,
تدمير,15,
تنسيقية,15,
تهتم,15,
يتراجعون,15,
يعدل,15,
ترميم,15,
تتوقف,15,
تكنولوجيا,15,
تجاوز,15,
تعامل,15,
يرتدي,15,
تفتيش,15,
تكن,14,
يغني,14,
يحمي,14,
يعانون,14,
تتخذ,14,
تاجير,14,
يسحبون,14,
يطيح,14,
يجبرون,14,
يتولي,14,
تعرف,14,
تتبع,14,
تحليل,14,
ياس,14,
تتنحي,14,
يستعيد,14,
يدمر,14,
يامل,14,
تتغير,14,
يوميا,14,
تحتج,14,
ترك,14,
يتداولون,14,
يسطون,14,
تفقد,14,
يعطل,14,
ترحيب,14,
تفوق,14,
تاشيرة,14,
يتوعد,14,
تماثيل,14,
تطبق,14,
تخريب,14,
تعرقل,14,
تحمي,14,
يحق,14,
تستطيع,14,
تجارية,14,
تفويض,14,
تصريحاته,14,
يهدف,14,
ينضمون,14,
تبرز,14,
يوقعان,14,
تناول,14,
تطور,13,
تقييم,13,
يعرف,13,
تعاقب,13,
تجتاح,13,
تفرق,13,
ترشيح,13,
يخفض,13,
يدلي,13,
تاثير,13,
تمبكتو,13,
يعرضون,13,
تجهز,13,
تشاد,13,
يمنية,13,
يفرض,13,
يناهز,13,
يخضع,13,
توكيلات,13,
تايم,13,
تشويه,13,
يخطئ,13,
يجبر,13,
تراخيص,13,
يمدد,13,
تخطط,13,
يحيون,13,
تسوية,13,
يجهز,13,
ينكر,13,
تمت,13,
يصور,13,
تتفاوض,13,
يصوت,13,
تحفظ,13,
يخالف,13,
تقدر,13,
يعزي,13,
ينصح,13,
يبعث,13,
تاني,13,
يتغير,13,
تعطيل,13,
تستثمر,13,
تخفيف,13,
يحول,13,
يصرف,13,
تثبيت,13,
تكلفة,13,
توصيل,13,
توماس,13,
تدافع,12,
يتفق,12,
تتم,12,
تساعد,12,
تفض,12,
يزيل,12,
تتحرك,12,
تضيف,12,
توقيعات,12,
تحذير,12,
تل,12,
تسبب,12,
يسحب,12,
يشيعون,12,
تدهور,12,
يلتقون,12,
يشبه,12,
يربط,12,
تتحمل,12,
يتخذ,12,
يحذرون,12,
يلتق,12,
تفشل,12,
ينفرد,12,
تنشئ,12,
يخطر,12,
يقنع,12,
يحصد,12,
تتخلي,12,
تليمة,12,
ينتحر,12,
تاكيدا,12,
يعزز,12,
تلتزم,12,
يسلمون,12,
يجتمعون,12,
تتواصل,12,
يحبطون,12,
يصر,12,
يصب,12,
يختارون,12,
تصبح,12,
تعادل,12,
تتفقان,12,
تلاميذ,12,
تساهم,12,
تزود,11,
يملك,11,
يخسر,11,
تغريم,11,
يوقعون,11,
تحديات,11,
يتنحي,11,
تفصل,11,
تدار,11,
يواجهون,11,
تعكس,11,
توتر,11,
يخصص,11,
يؤسس,11,
تحرر,11,
تصر,11,
يهودية,11,
تحرك,11,
تلجا,11,
يدع,11,
يخترقون,11,
يقاضي,11,
ياباني,11,
يدل,11,
تتبرا,11,
يعارض,11,
تشكك,11,
يهرب,11,
يترك,11,
تستمر,11,
تورط,11,
يشترط,11,
تقل,11,
تشير,11,
تقاضي,11,
يتمسك,11,
ينصبون,11,
يطبق,11,
تذهب,11,
يعودان,11,
تشكيلا,11,
يتعادل,11,
تدريس,11,
يختطفون,11,
يستطلع,11,
تصلح,11,
يتحول,11,
تفقدية,11,
تكليف,11,
تخفض,11,
تفجر,11,
يودع,11,
تذاكر,11,
يحاكم,11,
يرحل,11,
تصريحاتي,11,
تباع,11,
ينبغي,11,
ترزي,11,
يصلي,11,
يقذفون,11,
يتضامنون,11,
يتوقف,10,
يتنافسون,10,
تزيل,10,
تكتل,10,
يتعلق,10,
تحديث,10,
يشكو,10,
يعيدون,10,
يدينون,10,
يضيع,10,
تطورا,10,
يتصدون,10,
يقل,10,
ينفذون,10,
يخترق,10,
يشتبكون,10,
يقودها,10,
يحضرون,10,
تاهب,10,
تحرش,10,
تنتدب,10,
تتصاعد,10,
توزع,10,
يوزع,10,
تشمل,10,
يعتصم,10,
تنتهك,10,
يؤخر,10,
يغرق,10,
تسفر,10,
تكرار,10,
تعالج,10,
يخدم,10,
يتبرع,10,
تاخير,10,
تدير,10,
تعتبر,10,
يتفقدان,10,
ترتفع,10,
يروج,10,
يبقي,10,
يتجاوز,10,
يفتي,10,
تسببت,10,
يدشنون,10,
يتفاوض,10,
يفوض,10,
تليفونات,10,
تعاود,10,
تبلغ,10,
تهريبه,10,
تتدخل,10,
تبني,10,
يؤيدون,10,
توثيق,10,
يعودون,10,
تنتفض,10,
تحضر,10,
تربيون,10,
يشعرون,10,
ينتقدون,10,
يقتلان,10,
يقودون,10,
يتقدمان,10,
تقصف,10,
تعدوا,10,
تبذل,10,
تلاوي,10,
يستخدمون,10,
تنفيذا,10,
يلو,10,
تحولت,10,
يعملون,10,
تطلع,10,
تتصدي,10,
يمت,10,
تصعد,10,
تطورات,10,
تخصصت,10,
تخزين,9,
يتزعم,9,
توكل,9,
تاجري,9,
يجد,9,
يحرج,9,
يتوعدون,9,
ينذر,9,
تغرم,9,
يسخر,9,
ينفون,9,
تلتهم,9,
تخوض,9,
يسرا,9,
تنوي,9,
تتوعد,9,
تفضح,9,
تحذّر,9,
يخرجون,9,
يعطلون,9,
تلقينا,9,
تراشق,9,
تسهيل,9,
يات,9,
تختتم,9,
يفرق,9,
يحاور,9,
تحتل,9,
يستغيث,9,
تشريح,9,
يشرف,9,
تلعب,9,
تاشيرات,9,
يهبط,9,
يرون,9,
تمويني,9,
يمارس,9,
تعتدي,9,
يحمّل,9,
ترغب,9,
يخطط,9,
تضارب,9,
يفتتحون,9,
تنصب,9,
يدفعون,9,
تقدمت,9,
تستبعد,9,
يوفنتوس,9,
تخمد,9,
يودي,9,
يزال,9,
ترويجه,9,
تهيب,9,
تستقيل,9,
تدمر,9,
يبث,9,
يتعامل,9,
يؤمنون,9,
توافر,9,
يتحقق,9,
تسيير,9,
تقف,9,
يتهمه,9,
يضعون,9,
يتاجر,9,
ياخذ,9,
يخشي,9,
يتجاهل,9,
تلحق,9,
تخطر,9,
تقليص,9,
تبعد,9,
تعبيرا,9,
يناقشان,9,
تتعلق,9,
تحترم,8,
يعتقد,8,
يدهس,8,
تابع,8,
تكفي,8,
يتطلب,8,
ينتمون,8,
يوافقون,8,
تخفيضات,8,
تعتصم,8,
يعالج,8,
يناشدون,8,
يجمد,8,
تغطية,8,
تفكك,8,
يروون,8,
تلفيات,8,
يتبع,8,
يمهل,8,
يسفر,8,
يسحل,8,
يسدد,8,
ترجح,8,
يستعجل,8,
يؤمن,8,
يتعدي,8,
يتصدران,8,
تربح,8,
يستغل,8,
يشرع,8,
يشكلان,8,
تصدوا,8,
يتعاون,8,
تسرع,8,
تعبير,8,
تفريط,8,
تكنوقراط,8,
تهنئ,8,
تصلنا,8,
يتعاطون,8,
تشعر,8,
تصعيد,8,
تتزايد,8,
يقصف,8,
تذيع,8,
تذكرة,8,
يصادق,8,
ينتحل,8,
تخالف,8,
تنتخب,8,
يعاقب,8,
يتوصل,8,
يمثلون,8,
تركيب,8,
يجتاح,8,
تختلف,8,
تحصد,8,
تقنين,8,
تسدل,8,
يلتزم,8,
تستبدل,8,
يستطيعون,8,
يتحدد,8,
تراقب,8,
ينتقل,8,
ينتشر,8,
يستمر,8,
يتفوق,8,
تمثالا,8,
تاتي,8,
يجددون,8,
تشتري,8,
تحلق,8,
يخطفون,8,
تعلم,8,
تنحيه,8,
يقفون,8,
تراس,8,
يغرقون,8,
يرجع,8,
يمزق,8,
يعتذرون,8,
يفعل,8,
يهدي,8,
تاهيل,8,
تتنازل,8,
تقبض,8,
يتناسب,8,
تشاك,8,
يبت,7,
تركب,7,
تصالح,7,
تطمئن,7,
توعية,7,
تخلو,7,
تصدع,7,
ينقذون,7,
تعيينه,7,
يخفف,7,
يلعبون,7,
تشتبك,7,
تلاعب,7,
تشبه,7,
تصديهم,7,
تتالق,7,
تخلع,7,
تهبط,7,
يستكمل,7,
يتهمان,7,
ينددون,7,
تتجاوز,7,
تسريب,7,
يضر,7,
تديرها,7,
تعقيبا,7,
تدرب,7,
تصنع,7,
تحري,7,
تحرق,7,
يشكك,7,
يتظاهر,7,
تطير,7,
تدل,7,
تقريب,7,
يدرسون,7,
يتحفظ,7,
تستولي,7,
ترضي,7,
تمكن,7,
يعثر,7,
يرددون,7,
تغييرات,7,
تخدم,7,
يبكي,7,
ينقبون,7,
ينتفضون,7,
تسخر,7,
ينتشرون,7,
تري,7,
تنتشر,7,
ينوي,7,
يحتوي,7,
تمتنع,7,
ينطلق,7,
يانج,7,
يتمني,7,
تحرم,7,
تحريض,7,
يعلم,7,
توصيات,7,
يمهلون,7,
يتبادلان,7,
يناقشون,7,
تمتلك,7,
تتخلص,7,
ترتيب,7,
تتساءل,7,
تجارب,7,
يتضمن,7,
يسال,7,
تدهس,7,
تترقب,7,
تهدم,7,
يطاردون,7,
تنسيق,7,
تجميل,7,
يتناقض,7,
تكساس,7,
تحفز,7,
تردي,7,
تعليمية,7,
يومية,7,
يفكر,7,
ترجئ,7,
تهدا,7,
يمتنع,7,
تنسق,7,
ينفد,7,
ينصب,7,
يضرمون,7,
يرغب,7,
يضربان,7,
يتخلي,7,
يركز,7,
ترسانة,7,
يطعنون,7,
تعدل,7,
يتسلمون,7,
يتغيب,7,
توطيد,7,
تكتشف,7,
ينطلقون,7,
يمكنه,7,
تنفيذه,7,
تتاكل,7,
يتظاهرن,7,
يصعد,7,
يغيبان,7,
يتخذه,7,
ينجحون,7,
توقيت,7,
يتوسط,7,
ينتخب,7,
تؤسس,7,
تيارات,7,
تدفعنا,7,
يحرم,7,
يحجز,7,
يمر,7,
تنقلات,7,
يثني,7,
يشعر,7,
تملك,7,
يتبادلون,6,
تخاذل,6,
تامة,6,
يفترشون,6,
توصية,6,
توظيف,6,
يصلح,6,
تنادي,6,
تعهدات,6,
يذهب,6,
يقع,6,
يضيف,6,
تتضمن,6,
يتناول,6,
يعاين,6,
يزوران,6,
تجريم,6,
تعاطي,6,
تحالفا,6,
يتكرر,6,
تعلنان,6,
تويوتا,6,
يفاجئ,6,
يتوجهان,6,
يقدر,6,
ترشيد,6,
يجهزون,6,
تجريان,6,
يختبر,6,
يسقطون,6,
يطالبان,6,
يتنازلون,6,
تناولهم,6,
تمسك,6,
يرتكب,6,
تدخله,6,
يشيع,6,
يصنع,6,
يشاهد,6,
يعتدوا,6,
تحصين,6,
يسحق,6,
تكييف,6,
تعهد,6,
يرفضان,6,
تامول,6,
تحتشد,6,
تناي,6,
تناقض,6,
يوثق,6,
تمديد,6,
يعقدون,6,
توكيل,6,
يدرك,6,
يلبي,6,
تنذر,6,
يختلف,6,
تمكين,6,
تشل,6,
يدك,6,
تصنيف,6,
يصعدون,6,
يحاولان,6,
تعديات,6,
يرسمون,6,
يعبرون,6,
يطوفون,6,
تجمد,6,
يكرر,6,
تايوان,6,
تختبر,6,
تمشي,6,
يكمل,6,
يخوضون,6,
تعصف,6,
يانغ,6,
يسبب,6,
تحاكم,6,
تتكرر,6,
يدشنان,6,
تحذيرات,6,
يهدا,6,
تعاونيات,6,
تتمسك,6,
يطلقان,6,
تلفزيون,6,
يستهدفون,6,
يقدمان,6,
ينقلون,6,
تتنافس,6,
تجاوزت,6,
يختطف,6,
يقفز,6,
يتحر,6,
توقفها,6,
ينتفض,6,
تابوت,6,
تسييس,6,
تبريء,6,
تشيك,6,
تستعلم,6,
ينتظرون,6,
يسحلون,6,
يستقلون,6,
تحتفي,6,
تسونامي,6,
تاكد,6,
يستغيثون,6,
تمزق,6,
تعويض,6,
تفحم,6,
يحذّر,6,
تخريج,6,
يعرفون,6,
يتلقون,6,
يكتبون,6,
يحشدون,6,
تحاور,6,
تستلم,6,
تشهدها,6,
يحب,6,
يرغبون,6,
تشميع,6,
تغزو,6,
يحرقان,6,
تعمدت,6,
تليفزيون,6,
يسلّم,6,
يصوتون,6,
تغيب,6,
يؤجلون,6,
تبيع,6,
يخشون,6,
يبعد,6,
تسرق,6,
يحظي,6,
يبلغ,6,
ينفيان,6,
تستضيفها,6,
يصيبون,6,
تتوصل,6,
تنشيط,6,
تحاولان,6,
تزامنا,6,
تتراس,6,
تسعة,6,
تركوا,6,
تجاوزات,6,
يحتل,6,
تسترد,6,
تمثلنا,6,
تصريحاتك,6,
يعرقلون,6,
تساند,6,
ينهار,6,
تشديدات,6,
تتعمد,6,
يهنيء,6,
تشوه,6,
يو,6,
يوضح,6,
يارب,6,
يطرحون,6,
تسلح,6,
ترفيهية,6,
تغريدة,6,
يمتد,6,
تفيد,5,
تدرك,5,
تشادي,5,
يشتعل,5,
ينتهك,5,
تجميد,5,
تسحق,5,
تعارض,5,
تروج,5,
ينافس,5,
يقلد,5,
يحرض,5,
تؤكدان,5,
يساند,5,
يومي,5,
تجعل,5,
تجاهه,5,
تهريبهم,5,
يفتقد,5,
يعلنان,5,
تضر,5,
يهتم,5,
يعدون,5,
تعبئة,5,
يحيط,5,
يتبرا,5,
يرحبون,5,
تبقي,5,
ينزل,5,
يتغلب,5,
يصطدم,5,
يردون,5,
يقترحون,5,
تتاهل,5,
يدور,5,
يزرع,5,
تتبادلان,5,
تتطلب,5,
توليه,5,
تحصيل,5,
تحفظات,5,
يشرفني,5,
تقريبا,5,
تدبير,5,
يضبطون,5,
تاخذ,5,
يفاوض,5,
توابع,5,
يضمن,5,
تثق,5,
ترجع,5,
تقترض,5,
يبدان,5,
تنازل,5,
تعذيبه,5,
تضمن,5,
ينظمان,5,
تفتيشية,5,
يتنافي,5,
ترويج,5,
يحتمل,5,
تعرضه,5,
يستسلم,5,
يشرح,5,
يربح,5,
تخبط,5,
تشريع,5,
يتعين,5,
يعاود,5,
تطهير,5,
يكتسح,5,
تعددت,5,
يده,5,
تشويش,5,
تنصح,5,
ترعي,5,
يعبث,5,
يثمن,5,
تتبرع,5,
تمول,5,
يعقدان,5,
يحضران,5,
تعيينهم,5,
تنفيذها,5,
تهنيء,5,
تعبران,5,
تصرخ,5,
يدلون,5,
تبرا,5,
يثور,5,
تنهار,5,
يتعارض,5,
تدني,5,
تيسيرات,5,
تدفق,5,
يطالبه,5,
يشل,5,
يطلبان,5,
تتوالي,5,
تقدير,5,
تعمد,5,
تفكير,5,
يتصاعد,5,
تقدما,5,
تترك,5,
تاون,5,
يفرجون,5,
يقصد,5,
يجتمعان,5,
تستحوذ,5,
تسدد,5,
تشهده,5,
يترشح,5,
تصاريح,5,
يتطلع,5,
يجيب,5,
تعويم,5,
يفض,5,
ترهيب,5,
ياسف,5,
تستغرق,5,
تمهيد,5,
يكافيء,5,
تهديدهم,5,
تقليدية,5,
يمتنعون,5,
يجرم,5,
يشتري,5,
يقارن,5,
تحد,5,
يحثون,5,
تكرر,5,
يعرقل,5,
توب,5,
يفشل,5,
يصطحب,5,
يقبضون,5,
تفكر,5,
يتحفظون,5,
تتحقق,5,
تبعية,5,
تسيس,5,
تصحيح,5,
تخضع,5,
تشاديا,5,
يقاضون,5,
تزعم,5,
تاج,5,
تشدد,5,
تمريض,5,
تتمتع,5,
يسمي,5,
يدعمون,5,
يحي,5,
يكتفي,5,
يتسلقون,5,
تتفقد,5,
تعاملت,5,
يقولون,5,
يغازل,5,
يضعف,5,
ترقب,5,
تريليون,5,
تلوث,5,
تجهيز,5,
يرعي,5,
تقع,5,
تؤخر,5,
يتاهل,5,
تحدي,5,
ترشحا,5,
يمارسون,5,
تتناول,5,
يبشر,5,
يرجئ,5,
تطرد,5,
تدريبي,5,
تمهد,5,
يؤجج,5,
يستانفون,5,
تروي,5,
يموت,5,
يديرون,5,
يحشد,5,
تلبية,5,
تناقص,5,
يسرقان,5,
تتفاقم,5,
تبعث,5,
يساري,5,
تتحسن,5,
تشيلسي,5,
يمد,5,
تمويلها,5,
تلوموا,5,
تخصصا,5,
يتحملون,4,
يراهن,4,
يتعاقد,4,
يكثفان,4,
تضاعف,4,
يقلل,4,
تحية,4,
تحقيقا,4,
يغطي,4,
تجيز,4,
يتساءل,4,
يفسخ,4,
يتعرضون,4,
تصادر,4,
تصلي,4,
تقاتل,4,
يصبح,4,
يحددون,4,
يتسول,4,
تنقسم,4,
تصدت,4,
تمطر,4,
تمضي,4,
تكفير,4,
يوزعون,4,
تعييني,4,
يحاضر,4,
يدينان,4,
تخص,4,
تنبا,4,
تربك,4,
تستجب,4,
يجعل,4,
تقترحان,4,
يمسك,4,
يسددون,4,
يحكمون,4,
تتفقدان,4,
تتامر,4,
يلجاون,4,
تزويد,4,
يتحملان,4,
يشاركوا,4,
يضيق,4,
تحتوي,4,
تفاديا,4,
يتسلح,4,
تتحدثان,4,
يصعّدون,4,
يفند,4,
ينقلنا,4,
تك,4,
تصور,4,
ينوون,4,
يكسر,4,
يشير,4,
يابانيين,4,
يقلص,4,
تحلم,4,
ينقلب,4,
يتظلم,4,
يتهاوي,4,
يعتلي,4,
تقديرا,4,
تعرضهم,4,
تدعوا,4,
يؤمّن,4,
تكوين,4,
تهجير,4,
تنازلات,4,
ينشدون,4,
توليد,4,
تخطي,4,
تسخير,4,
تهزم,4,
توحيد,4,
يحفظ,4,
يستحق,4,
يابانيون,4,
يرجح,4,
تستطلع,4,
تقاوم,4,
تمارين,4,
تستغيث,4,
تخطف,4,
تعرفت,4,
ينتظم,4,
يكشفون,4,
ينتزع,4,
يادولة,4,
تعنت,4,
تثني,4,
يلتقيان,4,
تكافؤ,4,
توزيعها,4,
تشرين,4,
يشكون,4,
يشغل,4,
تجر,4,
يضطر,4,
يطلع,4,
توربيني,4,
يعسكر,4,
تاييده,4,
يقابل,4,
ياسمين,4,
يعيش,4,
يتحركون,4,
تلميذة,4,
يدركون,4,
تكهنات,4,
تعاونكم,4,
ينبذون,4,
يبني,4,
يصرون,4,
يمتلك,4,
يؤلمنا,4,
يطالبن,4,
تهويد,4,
يونانية,4,
تفكيك,4,
تمثيل,4,
يراعي,4,
توقفت,4,
تضخ,4,
تلك,4,
تاملته,4,
تخريبية,4,
يعكس,4,
تحظر,4,
تدور,4,
تلمهم,4,
تعارضان,4,
تقلص,4,
تتعاقد,4,
يتاجران,4,
تحسين,4,
تكرير,4,
تستجوب,4,
يرتدون,4,
تهم,4,
تمرير,4,
يكافح,4,
تصويت,4,
تضخم,4,
تزامن,4,
تفاوت,4,
تفاهم,4,
يدخلوا,4,
ينتميان,4,
تجاهلت,4,
تسلط,4,
يقرون,4,
يتسلق,4,
تجنبا,4,
يباشر,4,
تلقن,4,
تضليل,4,
توغل,4,
يتوفيا,4,
يثار,4,
تدابير,4,
تحالفات,4,
ينعش,4,
ينخفض,4,
توني,4,
يسمع,4,
يتعاملون,4,
يحتجز,4,
تسمم,4,
تجاري,4,
يشنون,4,
تعريف,4,
يبطل,4,
تهدر,4,
ياهو,4,
يخنق,4,
يؤخذ,4,
تذبح,4,
يشهر,4,
تشاجروا,4,
تنافس,4,
تحظي,4,
تربط,4,
تقمع,4,
ينجو,4,
تتمركز,4,
تفحص,4,
تتستر,4,
توطين,4,
يقرا,4,
تدينان,4,
تحتفظ,4,
تنصل,4,
تسمع,4,
توفد,4,
يتصرف,4,
تشريعات,4,
يتنافسان,4,
ينتحلون,4,
ترجمة,4,
يلاحقون,4,
يسيطران,4,
تنصيب,4,
تتوسع,4,
تضيق,4,
تاكيد,4,
تلويح,4,
يحلم,4,
تعمير,4,
تعدم,4,
يمرر,4,
يسافرون,4,
يهنئون,4,
تراجعت,4,
تستقر,4,
يقسم,4,
تجاريو,4,
توصلنا,4,
يفحص,4,
تصديه,4,
يلمح,4,
يغذي,4,
يمتلكها,4,
يهتف,4,
تصميم,4,
يهربون,4,
يتردد,4,
يسئ,4,
يصعّد,4,
يوحدون,4,
يهدر,4,
يعذبون,4,
يجمعون,4,
تخفف,4,
يثيرون,4,
يدوية,4,
يستغرق,4,
تبدان,4,
يكفل,4,
تدعوان,4,
يجرون,4,
ينعقد,4,
يحترق,4,
يتحالف,4,
يظل,4,
يكلفها,4,
يطورون,4,
تشكيليا,4,
يتعدون,4,
تستحق,4,
تتوفر,4,
تركة,3,
تركز,3,
تطل,3,
يكتشفون,3,
يكفر,3,
تتفكك,3,
تغيرت,3,
تاسف,3,
يؤازر,3,
تجريد,3,
تلافي,3,
تفجيرها,3,
يغلبه,3,
تقيل,3,
ينظمها,3,
يؤد,3,
يرهن,3,
تنقيبه,3,
يزيح,3,
تقنيين,3,
يتفقون,3,
تمخض,3,
تسحل,3,
تسهم,3,
تدريجيا,3,
تقنيات,3,
تصدينا,3,
يعثرون,3,
يراد,3,
يقتلا,3,
ترخيصه,3,
تجنب,3,
تخلف,3,
تتحالف,3,
يحطم,3,
يحتج,3,
تنتج,3,
تتوج,3,
تابعين,3,
تعافي,3,
تكميم,3,
يحرز,3,
يسار,3,
تعكف,3,
تتعافي,3,
يعتزل,3,
يتحدثون,3,
تبرر,3,
تصديق,3,
تسال,3,
تنفذه,3,
يذكر,3,
ينسحبون,3,
ينتخبون,3,
ياللي,3,
تعيينات,3,
يتعافي,3,
توحد,3,
تراث,3,
تصلان,3,
ياخد,3,
يقم,3,
ينشغل,3,
تكاليف,3,
تحترق,3,
تنحاز,3,
تمبوكتو,3,
تصدي,3,
يعاملوننا,3,
يستقيلون,3,
يعيشون,3,
تاريخي,3,
يجزم,3,
يتلاعب,3,
يمكننا,3,
يتطوع,3,
تصطدم,3,
يشجع,3,
تبجح,3,
توفرت,3,
يترشحون,3,
تاكدنا,3,
تحررها,3,
يلتقطون,3,
يتطرق,3,
ينتحلان,3,
تجرب,3,
يساهم,3,
يديره,3,
تتعارض,3,
تزداد,3,
تتزين,3,
تاكلت,3,
تحتمل,3,
يعي,3,
يقررن,3,
تعدد,3,
تحرض,3,
ينضمان,3,
تركيه,3,
تتعثر,3,
توحي,3,
تتكون,3,
يبدو,3,
يفرون,3,
تورطهم,3,
تسييسها,3,
يهود,3,
تاكدت,3,
تاديب,3,
تطفئ,3,
تقذف,3,
تكاسل,3,
تنفجر,3,
تصديرها,3,
تخصصوا,3,
ترتدي,3,
يحييان,3,
يبادر,3,
تعجز,3,
تغادران,3,
يبادلون,3,
يشتكون,3,
تعزي,3,
تحضيري,3,
تسيء,3,
يتحرش,3,
تستطع,3,
تيليجراف,3,
تلقت,3,
يتسرب,3,
تجذب,3,
تخليهم,3,
ترابية,3,
يسب,3,
يتزامن,3,
تستبق,3,
تتسامح,3,
يعاتب,3,
تعرضن,3,
يتخوفون,3,
تناسي,3,
تنتهج,3,
تطبيقات,3,
يحفر,3,
تكذيبا,3,
يتدرب,3,
تهاون,3,
يفوّض,3,
ترقيات,3,
تئن,3,
يتخطي,3,
تبكي,3,
يدّعون,3,
يخاف,3,
يتعهدان,3,
يتوسطون,3,
يقضون,3,
تعيق,3,
يداهم,3,
تاجل,3,
تعليمي,3,
يتمنون,3,
تضامن,3,
تتكدس,3,
يحاكمون,3,
تدع,3,
تبرم,3,
ينال,3,
تفريغ,3,
يداه,3,
يعير,3,
يدفعها,3,
يكتشف,3,
ينهيان,3,
تسويق,3,
تنظيف,3,
تكدير,3,
تضغطان,3,
يحشو,3,
يحملها,3,
تستنجد,3,
تونسيون,3,
يناي,3,
يفصل,3,
تصلهم,3,
تتيح,3,
يتجاهلون,3,
تحدثت,3,
تحافظ,3,
تعوق,3,
يوننان,3,
تبهر,3,
يستخرجون,3,
تعديله,3,
تفتقد,3,
تستهجن,3,
تنخدعوا,3,
تصفيات,3,
يجي,3,
تفريق,3,
تاديبية,3,
تخطئ,3,
تخطت,3,
توقيته,3,
تعقدت,3,
تصله,3,
تستفسر,3,
تتفهم,3,
تقاضيها,3,
يشاهدون,3,
تجتاز,3,
يسهل,3,
يمنعني,3,
تقريرا,3,
يقظة,3,
تنزع,3,
تقارب,3,
تحصدان,3,
يستجب,3,
تشاديين,3,
ترسيخ,3,
يسلط,3,
تصاعده,3,
يقوله,3,
تكريس,3,
تقدمه,3,
يبدؤون,3,
توقفه,3,
يوميات,3,
تقييد,3,
يتصالح,3,
يعترضان,3,
تدركان,3,
يبدءون,3,
ترن,3,
تركنا,3,
تفاوض,3,
يتدفقون,3,
تليفونية,3,
توم,3,
يمهد,3,
ينادون,3,
تغلقان,3,
يصيبان,3,
يصفي,3,
يخلع,3,
تكلفت,3,
تتعامد,3,
يستطع,3,
تلا,3,
تجاهلنا,3,
يتاثر,3,
تعدت,3,
تراثية,3,
ينفجر,3,
تتخطي,3,
تشاهد,3,
تعتبرها,3,
يحتفي,3,
تختلس,3,
يكسرن,3,
تلمح,3,
يفتقرون,3,
يندسون,3,
يطيران,3,
تزيح,3,
يتوج,3,
تتزوج,3,
يضللونه,3,
توريط,3,
تلتزمان,3,
تمثيلية,3,
تداولات,3,
يخطب,3,
تقهر,3,
تقدموا,3,
يعوض,3,
يصح,3,
يتهربون,3,
تتنبا,3,
توت,3,
يصرح,3,
يمثلان,3,
يصلنا,3,
ينبه,3,
يشنان,3,
ينتقم,3,
يرضي,3,
تواجده,3,
يحتمون,3,
تستهل,3,
يعط,3,
تدق,3,
تقدمها,3,
يدعوا,3,
ينقسمون,3,
يعزل,3,
يعتبرون,3,
يعزف,3,
يتعهدون,3,
تباطؤ,3,
ينسق,3,
تمتد,3,
تقوية,3,
يعتديان,3,
يخربون,3,
تداهم,3,
تفجيرين,3,
يرافق,3,
ترويجية,3,
يراقب,3,
يضربوك,3,
تلغ,3,
تنشيء,3,
تكافئ,3,
تهدي,3,
تابعا,3,
تفاجيء,3,
يسخرون,3,
تتكلم,3,
تجد,3,
تشكيلي,3,
يصفون,3,
تشغل,3,
تيج,3,
تقليدا,3,
تلميذ,3,
يفي,3,
تتعدي,3,
يغرم,3,
تمنيت,3,
يعمق,3,
ترشيحات,3,
يرقد,3,
يجريان,3,
تحديا,3,
يشتكوا,3,
تشريعي,3,
يندفعن,3,
تعمق,3,
يائسة,3,
يستحقون,3,
يصرخون,3,
يخلعون,3,
تنفيذي,3,
يتبعون,3,
يغيبون,3,
يتاجرون,3,
تسليمهم,3,
تكمن,3,
يعلقان,3,
ينادي,3,
تحذيرا,3,
تحملوا,3,
توضح,3,
يستحيل,3,
تبارك,3,
يتابعون,3,
تتسلح,3,
تعاملات,3,
يتلق,3,
ينفعل,3,
تصب,3,
تابعون,3,
ينقطع,3,
تعلية,3,
تحتضن,3,
يدنا,3,
يدينه,3,
تبت,3,
تصدق,3,
تغطي,3,
تستورد,3,
تثمن,3,
يرثي,3,
يونيفرسال,3,
يتبران,3,
تسكين,3,
تشكو,3,
توجو,3,
تعرضوا,3,
يدرج,3,
يتواجدون,3,
تلاحقه,3,
تقليد,3,
تقاربه,3,
يتحرك,3,
ترحمة,3,
تتعادل,3,
تنويان,3,
يحوز,3,
تظاهرتان,3,
تعاونت,3,
يستهل,3,
يتحدّون,3,
ين,3,
تغريدات,3,
تجاوب,3,
تقوض,3,
تنته,3,
تكتسح,3,
تشكيلها,3,
تودي,3,
يسمعوا,3,
يخلون,3,
يؤم,3,
تلقيه,3,
تفتيت,3,
يشتكي,2,
يناسب,2,
تاثرت,2,
يعدّل,2,
يؤهل,2,
يديران,2,
يرحمكم,2,
يحتذي,2,
تالق,2,
تالم,2,
ياريت,2,
يحترم,2,
تغيرات,2,
يقلن,2,
تصحح,2,
يحملان,2,
تكافيء,2,
تلقيهم,2,
يتوعّد,2,
ينشئ,2,
يستشهد,2,
تحيز,2,
ينطبق,2,
تشاجرهم,2,
يملي,2,
يتحصنون,2,
يختصم,2,
يمتلكه,2,
يتعلم,2,
تلقيح,2,
تتطوق,2,
تملكون,2,
تحسنت,2,
تصعّد,2,
ياكل,2,
تفصيل,2,
تحتقر,2,
يس,2,
يستاجرون,2,
يستعدان,2,
توشكي,2,
تسريبه,2,
تنعقد,2,
يحاصرنا,2,
يابانية,2,
يهشم,2,
يسودان,2,
تلطخت,2,
يسعفه,2,
يحتلون,2,
تخوفا,2,
تخفيضا,2,
يابانيان,2,
تهدئة,2,
تبحر,2,
يطلقه,2,
تنتقم,2,
يزينون,2,
تطون,2,
تجمعوا,2,
يسيل,2,
تقسم,2,
تهمهم,2,
تنموي,2,
تزحف,2,
يمنيون,2,
تعاملها,2,
تغذية,2,
تنقلان,2,
تتواطا,2,
تتلق,2,
تسوّق,2,
يختبرون,2,
تبوك,2,
تجليات,2,
تقليدي,2,
تشاجره,2,
تستهتران,2,
تياسوا,2,
يدهسون,2,
يحصلون,2,
تقادم,2,
تريزيجيه,2,
تناسب,2,
تعاتبه,2,
تتحدد,2,
تمركز,2,
تعرضنا,2,
تبرئته,2,
تسلموا,2,
يستوعب,2,
يتبرعون,2,
يكفيه,2,
يسجن,2,
ترسي,2,
تخريف,2,
تفسد,2,
يتباهي,2,
يكسرون,2,
يوليوومن,2,
ترشحت,2,
يقرصنون,2,
يتناوبون,2,
يعز,2,
يذل,2,
يعتبرا,2,
تحرمه,2,
تتكفل,2,
يختتمان,2,
ينقصه,2,
يخبط,2,
يطنش,2,
تتخبط,2,
يغرد,2,
يحرضان,2,
يزين,2,
تطرحان,2,
تعاقدات,2,
يهتك,2,
يستكملون,2,
تبرعات,2,
تيلة,2,
يقي,2,
تتحملها,2,
يسعفون,2,
يعززون,2,
يمكنها,2,
يعتد,2,
تخريبي,2,
تفتيشنا,2,
يسعيان,2,
تاريخه,2,
تتلاشوا,2,
يغزو,2,
ياقاتل,2,
يستفزنا,2,
تتزنق,2,
ينته,2,
تنشيطي,2,
تتسول,2,
يستقل,2,
تبدو,2,
يشيدون,2,
تخصيب,2,
يحبطوا,2,
ترفعن,2,
تنفيان,2,
تجرؤ,2,
تسعيان,2,
يدوي,2,
يعيّن,2,
يبتكرون,2,
يخلف,2,
تتاجر,2,
تصعيدية,2,
يحبس,2,
يهنئان,2,
يتحملها,2,
يلتمس,2,
يبريء,2,
تحليلالعرب,2,
تنفيذية,2,
يسيطرعلي,2,
تدوم,2,
تعجل,2,
تحرز,2,
تعاطيه,2,
يونيسيف,2,
تيما,2,
تحرج,2,
يخوضان,2,
تبعدني,2,
يعلون,2,
تنف,2,
يطلّع,2,
يدلل,2,
ياسرعلي,2,
تكسير,2,
يديرها,2,
تعالي,2,
تكليفه,2,
يخفّض,2,
تكشر,2,
يعاودوا,2,
تصويرهما,2,
تدرج,2,
يفوزان,2,
تعملوا,2,
تدويل,2,
تغازل,2,
تصويره,2,
تبرّئ,2,
يطال,2,
تضيء,2,
تيتانك,2,
يصافح,2,
تحاورنا,2,
يبتعد,2,
يحذو,2,
يهدمان,2,
يضمّ,2,
ترهبنا,2,
تسلسل,2,
تليفزيونية,2,
يكفينا,2,
يحارب,2,
تظاهروا,2,
تشجيعية,2,
تثنينا,2,
يتخطون,2,
ينصبان,2,
تقريرها,2,
تتهمهم,2,
تبثها,2,
يرثها,2,
يتهاون,2,
يفتقدون,2,
تشيرنوبل,2,
ينسقان,2,
تتصالح,2,
تنر,2,
تنس,2,
يتارجح,2,
يحكيها,2,
تنويه,2,
يقولها,2,
يورط,2,
تاييدا,2,
تعفن,2,
يزوج,2,
يلبس,2,
ينحاز,2,
تعفي,2,
يؤدين,2,
يجلس,2,
يدا,2,
تتجدد,2,
تفاعلوا,2,
يتامرون,2,
يثرن,2,
ينشئون,2,
تنقب,2,
تتكامل,2,
يلفظ,2,
يورث,2,
تنال,2,
يتسق,2,
يلحن,2,
يتسم,2,
تقرا,2,
يوان,2,
ترام,2,
يترحمون,2,
يتسببون,2,
يعارضون,2,
يلحق,2,
ينصحون,2,
تصنيفنا,2,
تنحصر,2,
يمحون,2,
يقراون,2,
يتفقدون,2,
تصدرتها,2,
يتحررون,2,
تجاوزتم,2,
يسارية,2,
توجيهات,2,
يتسببان,2,
يعيدها,2,
يحولون,2,
تتدفق,2,
تنامي,2,
تهيمن,2,
يسرها,2,
تعيشها,2,
تفخر,2,
تفكروا,2,
ترليون,2,
يشحن,2,
يطلقوا,2,
تاجرين,2,
تايلور,2,
يوشك,2,
يلزمنا,2,
تحبذ,2,
يخطو,2,
تتفاعل,2,
تسمونهم,2,
يعقل,2,
يحفز,2,
تصفي,2,
يؤديان,2,
تجعلنا,2,
يرعبان,2,
يتفقدا,2,
يجلي,2,
يزعزع,2,
يقصر,2,
يضحي,2,
تسعيرة,2,
يتغني,2,
تنبات,2,
يارا,2,
تفضل,2,
تعوضني,2,
تفعيلها,2,
يتحدان,2,
يهمهم,2,
يستعير,2,
يستثني,2,
يشهدان,2,
يمحق,2,
يعيق,2,
يقاضيني,2,
يجوب,2,
يترددوا,2,
توجيهاتي,2,
تفاجا,2,
يدق,2,
ترانزيت,2,
تعاونا,2,
تصرفا,2,
تؤجلا,2,
يتبق,2,
تخلصنا,2,
تخلفت,2,
تشرف,2,
تايه,2,
تثقيف,2,
ينعيه,2,
يغتالون,2,
تنصت,2,
تجنبوا,2,
يقتصر,2,
تحارب,2,
تشكّل,2,
يستكثر,2,
تطوق,2,
تغتصب,2,
يستغد,2,
يساعدون,2,
تسجيلات,2,
تفسير,2,
يظنه,2,
يصعق,2,
تسيئون,2,
تهنئة,2,
يحرسون,2,
تنشرها,2,
يرشق,2,
تنعش,2,
يصد,2,
يغامروا,2,
تشكيلة,2,
ياسس,2,
تنهمر,2,
تماسك,2,
تفشي,2,
يشهدها,2,
تهديدا,2,
تخيفنا,2,
ترجيء,2,
تخيب,2,
يهمها,2,
يفصلون,2,
يستعينون,2,
ينيب,2,
يجيز,2,
تفقده,2,
ترتكبها,2,
يستلهم,2,
تهديفي,2,
تحاصرمرسي,2,
تايلانديا,2,
يعجز,2,
تروح,2,
يامرنا,2,
ينامان,2,
تنقيبهم,2,
يجذب,2,
تعلمنا,2,
تمنعنا,2,
تمارسها,2,
ينشق,2,
يمضي,2,
يمنعنا,2,
تتدهور,2,
تسلله,2,
تكتيك,2,
تبرع,2,
تتهرب,2,
يغسل,2,
يعتلون,2,
تلعن,2,
يقتلعون,2,
تتخوف,2,
تفتقر,2,
تعاطيهم,2,
تعافيهم,2,
يحتجّون,2,
يصعب,2,
يكره,2,
يوريا,2,
تعجيزية,2,
يقصي,2,
تنفصل,2,
يتهمهم,2,
يرتكبان,2,
تسليحهم,2,
تايتانيك,2,
تسببا,2,
يقطون,2,
تبليسي,2,
يطمئنان,2,
تضيع,2,
يعربون,2,
يتبعها,2,
ترتيبات,2,
تدخلات,2,
يحذف,2,
ينهال,2,
تجيب,2,
يتركون,2,
تنظيما,2,
يفتعلون,2,
تسيبي,2,
يستنجدون,2,
تستخرج,2,
ينظمن,2,
تنفس,2,
يقيد,2,
تربويا,2,
يرفعن,2,
يتامر,2,
تزن,2,
يتوصلون,2,
تتحري,2,
تنظيمية,2,
تستاجر,2,
تثور,2,
تمليك,2,
يتهموا,2,
يسهم,2,
تالمت,2,
ترهل,2,
تجامل,2,
يتسابقون,2,
يتكلم,2,
تضمين,2,
تسللا,2,
يحصر,2,
تظلمات,2,
تبرير,2,
يصدرون,2,
تمساح,2,
يجهش,2,
يطل,2,
يبارك,2,
تدعيم,2,
تقدمنا,2,
يحلموا,2,
يوجّه,2,
يضار,2,
يعاشر,2,
تقاعست,2,
تغلبنا,2,
تاكل,2,
يتسني,2,
يشرفون,2,
تامينات,2,
تحولات,2,
توتنهام,2,
تاريخيا,2,
يقسمون,2,
يؤسفنا,2,
يرتشي,2,
يشكرهم,2,
تمسكت,2,
يشكرون,2,
يخططون,2,
تتودد,2,
تعطله,2,
يسبق,2,
تتناقض,2,
ترقد,2,
يجرب,2,
توقعا,2,
تحوّل,2,
يخفضون,2,
تفلس,2,
يترقبون,2,
ترقية,2,
ترتبطان,2,
ينتج,2,
تقضيان,2,
تتفادي,2,
يجر,2,
تعريت,2,
تكتمل,2,
يبيعان,2,
يترقب,2,
تخصم,2,
تخف,2,
تحالفنا,2,
يتاخر,2,
يفتحان,2,
تجمعهم,2,
يصلبون,2,
تظاهره,2,
تطعيم,2,
يساهمون,2,
تتمسح,2,
تظاهرن,2,
تقريرالبيت,2,
تايلاندي,2,
تحي,2,
ينكسف,2,
تستقطب,2,
تنظيمي,2,
تستحقه,2,
يسروا,2,
تسفير,2,
يفجرون,2,
يكرهون,2,
يتهكم,2,
تؤتي,2,
يعوق,2,
يخالفها,2,
تهيؤ,2,
تريومف,2,
تشيز,2,
يواصلان,2,
تفوح,2,
تلتق,2,
تلفق,2,
يتعري,2,
يقسو,2,
ترسم,2,
يفيد,2,
يطرد,2,
يجتاز,2,
تتلاشي,2,
يتخيلوا,2,
توشيبا,2,
تترشح,2,
يمنيين,2,
تسلمت,2,
يستدرج,2,
تنشرنص,2,
تدلل,2,
تشتكي,2,
يلفون,2,
يدشّن,2,
تعطلها,2,
يتقدمن,2,
تلقوا,2,
ترديد,2,
ينظفون,2,
يلبسونها,2,
يرمي,2,
يصمت,2,
تطويرها,2,
يخلط,2,
تناولت,2,
يميز,2,
توقعنا,2,
يستفزون,2,
تسمي,2,
تدعمني,2,
توريد,2,
يستقيلان,2,
يرضخ,2,
يتوهم,2,
يسقي,2,
تاسيسية,2,
يستغفلنا,2,
يفكرون,2,
يتشاور,2,
يشطب,2,
ترجا,2,
يرهبنا,2,
تسلمه,2,
تطالبني,2,
ينسي,2,
تؤرق,2,
تفتش,2,
يغيرون,2,
يزوّد,2,
يلف,2,
يفضوا,2,
يتعرف,2,
تصمت,2,
يمزقون,2,
يتالق,2,
يحض,2,
تلخص,2,
تغلب,2,
تايعة,2,
يتعرفون,2,
تاتشر,2,
يحكمه,2,
يتنازلان,2,
يتشكل,2,
تهيمنان,2,
تكسروا,2,
تونسيين,2,
يفتشون,2,
تطبع,2,
يتقاتلون,2,
ينبع,2,
يدرّس,2,
تشكيك,2,
يصورون,2,
يعطوا,2,
تستشكل,2,
تعتراض,2,
تعهده,2,
تضطلع,2,
تمكنا,2,
تلتصق,2,
يصلني,2,
يزداد,2,
تنشا,2,
يزورنا,2,
يستجيبوا,2,
يتشاركان,2,
تصريحي,2,
يمكنكم,2,
يحتفلان,2,
يلتهمان,2,
يحولها,2,
تريدون,2,
تقنية,2,
يقاطعان,2,
تقي,2,
تسلمتها,2,
تعيدها,2,
ترخيصها,2,
يافا,2,
يتخلف,2,
تزييف,2,
تفوض,2,
تثري,2,
تدهورت,2,
تتساهل,2,
تتركونا,2,
تنتعش,2,
تساؤلات,2,
يتلاقوا,2,
يورطونه,2,
تركيين,2,
يطاردانه,2,
يتالقن,2,
تلب,2,
تكسر,2,
يغتصبن,2,
تابعت,2,
تماطل,2,
يغتفر,2,
تقاعس,2,
ينسب,2,
يمنحها,2,
يضعن,2,
يحرران,2,
يونيفرسيتي,2,
تدوينات,2,
تميل,2,
توظف,2,
يوفينتوس,2,
يبرر,2,
ترصدليلة,2,
يوفي,2,
تصيح,2,
تشكيله,2,
يصنعون,2,
يتاهلان,2,
يعرضنا,2,
تحققت,2,
يتلو,2,
يستريح,2,
تذكير,2,
تكنولوجي,2,
تاوضروس,2,
تدعي,2,
يكشفان,2,
تستقل,2,
يفعله,2,
يلاحظوا,2,
يقومون,2,
يرصدون,2,
يتجادلان,2,
تقاطعان,2,
يساوم,2,
تتصور,2,
يستنجد,2,
تستعرضان,2,
يفشلون,2,
تحولوا,2,
تحضير,2,
يتوعدونمرسيواخوانه,2,
تضحيات,2,
يتجاهلهم,2,
تتاخون,2,
تعداد,2,
يحضرها,2,
يسرقوا,2,
تستانفان,2,
توسكر,2,
تمويلات,2,
تبتعد,2,
يستخدمه,2,
توازن,2,
يقتلونه,2,
تميز,2,
يتهموننا,2,
يحاربون,2,
تتكلوا,2,
تغطيته,2,
يغرّد,2,
يروعون,2,
تستعدت,2,
يعذب,2,
تقليل,2,
تدخلها,2,
ترويجهم,2,
يوزّعون,2,
تهدده,2,
يشوبه,2,
يتواصل,2,
يتلف,2,
تتوافقان,2,
يسيئون,2,
ينشقون,2,
تستر,2,
يتعمدون,2,
تضمنت,2,
ترددهم,2,
تعدٍّ,2,
تاثيرا,2,
تفرّق,2,
يستجيبون,2,
تناولها,2,
تساعدها,2,
يصدم,2,
تفلح,2,
يناقش ,2,
توفيت,2,
تغتصبن,2,
يختتمون,2,
تقريرالطب,2,
تحايل,2,
تضامني,2,
يفاقم,2,
تتلوث,2,
تليفزيوني,2,
يخرب,2,
يسكن,2,
تسود,2,
تزعجني,2,
تنحية,2,
تعاطيها,2,
يتسلل,2,
يرسم,2,
يصفق,2,
يضغط,2,
يستلزم,2,
تجدوا,2,
يستخف,2,
يصالح,2,
تستوعب,2,
تضمانا,2,
يصفه,2,
تبق,2,
يهدم,2,
تحويلات,2,
توجهها,2,
يدرب,2,
تلميذه,2,
يدعوان,2,
تان,2,
يلغون,2,
ينتهج,2,
تتح,2,
يستبدلون,2,
يرحبان,2,
يطور,2,
يودعون,2,
تنزل,2,
يرافقون,2,
يمارسان,2,
يراقبون,2,
يتوقفون,2,
تسكب,2,
يبتز,2,
يكرمان,2,
يتعاونون,2,
تنموية,2,
تشرح,2,
يؤمنان,2,
تقودها,2,
يمس,2,
تطالبان,2,
يناقض,2,
تفضيلا,2,
تتذمر,2,
يرزق,2,
يراسان,2,
تناولوا,2,
تتعنت,2,
تشغيله,2,
يكشفالثورة,2,
يشتريله,2,
تاريخنا,2,
تشرع,2,
تشخيص,2,
تسببها,2,
يقتحمان,2,
يهجرون,2,
تموت,2,
تتعلم,2,
تساوي,2,
تقديمه,2,
يمول,2,
يواسي,2,
تتناسب,2,
يحد,1,
ينتهون,1,
تنمو,1,
تصعدان,1,
توتال,1,
تؤكدبائع,1,
يعلمنا,1,
تاثرا,1,
تراجعنا,1,
تهريبربع,1,
تقلهم,1,
تجتمعان,1,
تذكروا,1,
تفاؤل,1,
تكريما,1,
تاييدها,1,
يوسفلاعلاقة,1,
ياواكل,1,
يونيه,1,
ترسخ,1,
تجهض,1,
ترافق,1,
يتزين,1,
يامرك,1,
تطفيء,1,
تسلحنا,1,
يقلق,1,
يناهض,1,
يتخلص,1,
يحرك,1,
تظاهراتنا,1,
ينقسم,1,
تادية,1,
يعوزهم,1,
تحيط,1,
تسمحوا,1,
يرشحوا,1,
يونانيون,1,
تجريح,1,
تخربوه,1,
تشريد,1,
تعتقد,1,
يستيقظون,1,
يهاتف,1,
تمنعه,1,
ينم,1,
تصعق,1,
تهميشهم,1,
توسيع,1,
يسبح,1,
يعيقون,1,
تعري,1,
تاخد,1,
يغتسلون,1,
تكليفي,1,
تظاهرها,1,
يتركه,1,
توديع,1,
يحجم,1,
تملح,1,
تعم,1,
يساله,1,
تملا,1,
تشكران,1,
يطردوني,1,
تنتهز,1,
تبتلع,1,
يدعمني,1,
تتغيرون,1,
يتالقان,1,
يعتمدان,1,
تشوين,1,
ينشرون,1,
تستشعر,1,
تلبي,1,
يقتسمان,1,
يسخّرها,1,
تاب,1,
تعزف,1,
تلاقي,1,
تمدح,1,
تايمزعملية,1,
يوزعن,1,
يجاملون,1,
يقرّ,1,
تصفع,1,
يعنيني,1,
تمثاله,1,
تتطرق,1,
يران,1,
تصميمات,1,
يشغلنا,1,
يكتبمسئولية,1,
يسيرة,1,
تخبز,1,
تسجيلي,1,
تقنيبهم,1,
يحكمها,1,
تورتكم,1,
تقريرمحنة,1,
تبحت,1,
يستغلخلية,1,
ترصده,1,
يستفحل,1,
يواجهه,1,
تشد,1,
تدنيس,1,
يوسفالاضطهاد,1,
تظاهراتهم,1,
يكملون,1,
يستند,1,
يحمّلون,1,
تقرب,1,
تصال,1,
تشايكوفسكي,1,
تنقلب,1,
تصديري,1,
ياميت,1,
يضرونه,1,
تييك,1,
يمنعوننا,1,
تركيبة,1,
يتالمون,1,
يخترفون,1,
ينعدم,1,
تستخف,1,
توعدها,1,
تحضيرات,1,
ترعب,1,
يختبران,1,
تتوليان,1,
تالنت,1,
يهديها,1,
تهميش,1,
توجهت,1,
ترميمه,1,
يمطرون,1,
تناقشا,1,
تقرض,1,
يخدّر,1,
يستوعبه,1,
تزايدت,1,
تحتضر,1,
تخلق,1,
يحفرون,1,
تزعجنا,1,
تسريحات,1,
تحولنا,1,
توريدهم,1,
يتراسون,1,
يواصلحملة,1,
يقدن,1,
يحركها,1,
يحدق,1,
يبيت,1,
تدريجي,1,
تفتعل,1,
توجب,1,
يبررون,1,
تجهزنا,1,
يقلب,1,
توفّوا,1,
تواضرواس,1,
يحرص,1,
يؤتمن,1,
يحرس,1,
يعشن,1,
يتساءلون,1,
تفاصيلها,1,
يواجهة,1,
ينظّم,1,
يوسعون,1,
تسهر,1,
يتدهور,1,
يهدون,1,
يخطرنا,1,
تستلزم,1,
تعط,1,
تعر,1,
تعس,1,
يشرعان,1,
يحترمون,1,
يتوسطه,1,
يشرعنالعنف,1,
يثيران,1,
تراجعا,1,
يخفي,1,
تعج,1,
تحالفت,1,
يتربص,1,
تعاطيا,1,
يكونوا,1,
تاذن,1,
تعتزل,1,
تخفيفه,1,
تتقبل,1,
يهمنا,1,
تجمعنا,1,
تريكه ,1,
يعهد,1,
تؤثرعلي,1,
تطرحها,1,
تعاملنا,1,
تنطبق,1,
يحرضن,1,
تقعد,1,
تربي,1,
تشويهالمعارضة,1,
يحطموا,1,
يتدخلان,1,
ينهض,1,
توفيري,1,
تعاد,1,
تحامل,1,
تحاليل,1,
تيمية,1,
تشتبه,1,
ينزلون,1,
يتكلف,1,
يقرب,1,
يتذمر,1,
يحوم,1,
تحمله,1,
يوزّع,1,
يغتصبوا,1,
تتقاضي,1,
يغفر,1,
يخطيء,1,
تربوي,1,
يرسخ,1,
يقذفنا,1,
يعترفالعراق,1,
تبخرت,1,
تخضغ,1,
تنكر,1,
تحدٍ,1,
ترحيلهم,1,
ياجنك,1,
تغريمهم,1,
تاهل,1,
يباع,1,
تبرئتهم,1,
تسويات,1,
تارنتينو,1,
يفتتحا,1,
تكيل,1,
تشارلز,1,
يضحّك,1,
يظهرون,1,
يلاقي,1,
تتعهدان,1,
ترتقي,1,
يدينوا,1,
يعتريه,1,
تلفيق,1,
تجاريا,1,
يلم,1,
تنهض,1,
تعرضا,1,
يسهمن,1,
يهم,1,
يدعونا,1,
تثار,1,
يقبلون,1,
يراع,1,
تنكيسه,1,
يؤيدوا,1,
تجاعيد,1,
تارت,1,
يشتتون,1,
تعبت,1,
يفاجئون,1,
يتقبلها,1,
يتهمونه,1,
تجنيد,1,
يتابعان,1,
يتخلفون,1,
تستحدث,1,
تؤكددموية,1,
تدريب ,1,
يوروبا,1,
تاييدي,1,
يدخرون,1,
تريك,1,
تتسب,1,
يقله,1,
تنبعث,1,
يمهدون,1,
يتقاسمان,1,
تبشر,1,
يقدس,1,
تقديرات,1,
تويترارواح,1,
توزعن,1,
تلغراف,1,
تخلد,1,
يفعلها,1,
تضامنيان,1,
يمنحون,1,
تخلص,1,
ينجحا,1,
تراكمات,1,
تتسبّب,1,
توكتوك,1,
يدها,1,
يفضلون,1,
تيمبرليك,1,
يسند,1,
تعادلنا,1,
يواجهزعيم,1,
ينصلح,1,
يطربون,1,
يفقده,1,
تاخي,1,
يتحرشون,1,
يؤمّنون,1,
يفاتحني,1,
تؤاطئت,1,
تاسيسي,1,
يتطور,1,
يدان,1,
يبلوه,1,
تقوي,1,
تعذيبالنظام,1,
يحتسب,1,
يطغي,1,
تسيب,1,
تكريمها,1,
يقفا,1,
يحمون,1,
يساعدك,1,
يتصدرون,1,
تمحو,1,
تشغيلالحرة,1,
تخوف,1,
يطالبونه,1,
يشترون,1,
تسلق,1,
يدعومرسيللاستقالة,1,
تبدل,1,
تناقشه,1,
تجرا,1,
تيرسي,1,
تعرضتا,1,
تنوعه,1,
يورومني,1,
يحرّف,1,
توسنامي,1,
يفتتح ,1,
يدوم,1,
تفاقمت,1,
يشاهدونه,1,
تهزروا,1,
تاركا,1,
تهدئ,1,
يخلق,1,
تريده,1,
يجسد,1,
يرقصن,1,
تحلمان,1,
يؤنس,1,
تمثالين,1,
تلفزيوني,1,
تنوه,1,
يستنكرقيام,1,
تعنيني,1,
يعرفها,1,
يصاب,1,
تودونيش,1,
يقاوم,1,
يخفون,1,
يفرغون,1,
تنشراول,1,
تتمني,1,
تعزيزا,1,
يقتنص,1,
تواطؤ,1,
يحقن,1,
تامينه,1,
تضمد,1,
تواجهنا,1,
تدوي,1,
تلطخ,1,
تمثيلا,1,
يتنحون,1,
تغلبت,1,
يعقبها,1,
يستفسران,1,
تعينهم,1,
يمثلنا,1,
يولد,1,
تجلس,1,
تمنعني,1,
تافهة,1,
يلام,1,
يسامحك,1,
يناصر,1,
يتخذا,1,
يستضيفون,1,
تنساها,1,
يفضلن,1,
تهيئ,1,
ترشيحا,1,
يستعدو,1,
تشكيليين,1,
تاجيله,1,
تحترمها,1,
يتعقب,1,
تعادلان,1,
تدليس,1,
يحتاجون,1,
يلازم,1,
تستبدلالسهلي,1,
توليتيالوزراءمغايرة,1,
تركت,1,
تهليل,1,
تارك,1,
يهتمون,1,
تدعمان,1,
تصديها,1,
تصح,1,
تصد,1,
يحرضون,1,
تخليدا,1,
تشعيل,1,
تفسيرها,1,
يندب,1,
يهودي,1,
تمنحهم,1,
توجية,1,
تتفاهم,1,
تعرضها,1,
تضعفها,1,
ياخونمفاصل,1,
تليجرافايران,1,
يتطابق,1,
يدفن,1,
تتجول,1,
يعدان,1,
يقولوا,1,
يتسولون,1,
تعريفة,1,
ينتظمون,1,
يشتبهون,1,
يتسلحون,1,
يناضل,1,
يستقبلونه,1,
يدافعون,1,
يحذرمن,1,
تملئ,1,
يجريها,1,
يدليان,1,
يرفضن,1,
تحجزها,1,
يطبع,1,
يفشلن,1,
تتطلع,1,
يستحقها,1,
يكدران,1,
تشكله,1,
يرممان,1,
يستمرون,1,
تتمنظر,1,
تعاقدنا,1,
تهزها,1,
يحييون,1,
يرن,1,
ترشحهم,1,
يضربن,1,
يرق,1,
يضرم,1,
تايمغياب,1,
يتوقعه,1,
يعرضان,1,
تبدء,1,
توفران,1,
يحميان,1,
تشيليابينسك,1,
تبراوا,1,
تحذرالطب,1,
تباعد,1,
يعكر,1,
يرتزق,1,
تشجير,1,
تحمّلوا,1,
يرفرف,1,
يلتقيقيادات,1,
تبين,1,
توجهوا,1,
تاثرنا,1,
يسرد,1,
يطوق,1,
تطالبمرسي,1,
يواجهان,1,
يبعدنا,1,
يغامرون,1,
تداولها,1,
يعالون,1,
تتشاجر,1,
يجوبون,1,
تتوغل,1,
يشب,1,
تعادلات,1,
تسونجا,1,
تطابق,1,
توصف,1,
تضخيم,1,
تسيل,1,
يتراقصون,1,
يديها,1,
يوروبول,1,
تنظيمه,1,
تتساءلهل,1,
تتطوقان,1,
تدعمهما,1,
تطلقها,1,
تعنيه,1,
يندي,1,
يستمتع,1,
تحريرها,1,
تخصيصها,1,
تعلناقتحام,1,
تامر ,1,
تحيطه,1,
يمنحه,1,
يعرفه,1,
تسامح,1,
يتجسس,1,
تتميز,1,
تختم,1,
تتوحش,1,
يهزمون,1,
يدفعنا,1,
تهديدي,1,
يعرضهم,1,
تحليلصعود,1,
يفحصون,1,
يعاملون,1,
يشبهه,1,
يطبعون,1,
يهاجمونه,1,
تستجم,1,
ياوي,1,
تصطنع,1,
يزامل,1,
تصديرسلع,1,
تتوافد,1,
تجاوزها,1,
تحوم,1,
تصنيفها,1,
يتبارزن,1,
يعصف,1,
تعليقه,1,
تعنف,1,
تناغو,1,
تذاع,1,
يهوي,1,
تتنصل,1,
تحوي,1,
تسلمهم,1,
يستغيثوا,1,
يلتفت,1,
يجلب,1,
تحوله,1,
تهشم,1,
تاكيدات,1,
يتجول,1,
يغلظ,1,
يصلحان,1,
تايد,1,
يدر,1,
ياخذون,1,
تدينا,1,
تستهينوا,1,
تراضي,1,
تساعدان,1,
يتوصلان,1,
تنتظره,1,
تايمزاضطرابات,1,
تاره,1,
تطوان,1,
تجددان,1,
يثقون,1,
يزعل,1,
يستقلان,1,
يجلسون,1,
تنظف,1,
تعتلي,1,
يخيفه,1,
يبطله,1,
تواصلان,1,
ياسكوت,1,
تولاها,1,
يتسال,1,
يكّرم,1,
تقابل,1,
تتقاضون,1,
يواجهها,1,
تمردها,1,
تمتليء,1,
تحقيقسيضطرنا,1,
يؤسسون,1,
يرعب,1,
تصدّقوا,1,
يبرئ,1,
تجعله,1,
يوسفمصر,1,
تطعيمات,1,
تلاميذها,1,
ينامون,1,
يخدر,1,
يدشنّ,1,
تليفزيونيا,1,
تقييما,1,
تجعلهم,1,
توجهان,1,
تربا,1,
تتوافق,1,
يصمم,1,
يحملمرسي,1,
يكثفون,1,
يجمعنا,1,
يبدلون,1,
تسهيله,1,
تطيل,1,
يناقشا,1,
تحفظنا,1,
يجعلك,1,
يراه,1,
يكرمون,1,
يتهمهما,1,
يحيّي,1,
يستسلموا,1,
ينذرون,1,
تستثني,1,
يتعذب,1,
تبراة,1,
تليفوناتنا,1,
تلحظه,1,
تخصصات,1,
يشكرالرئيس,1,
توثق,1,
تقللان,1,
يسعفنا,1,
تبتكر,1,
يرتديان,1,
ترياكي,1,
تدريجية,1,
تليق,1,
تشاوري,1,
يتعرضان,1,
تسربت,1,
تطاول,1,
تواجهها,1,
تهديدك,1,
تهديده,1,
يحملالانقاذ,1,
تقلب,1,
تدوير,1,
ينتخبوا,1,
تودّع,1,
يسفك,1,
تسهل,1,
يقطعونها,1,
يافرحتي,1,
ترشحان,1,
يجرمها,1,
تقريرامريكي,1,
تتقاعس,1,
يطلبه,1,
تشحن,1,
تهييج,1,
تبطل,1,
يعادون,1,
تحيا,1,
يضغطون,1,
تعتزمان,1,
تلتفت,1,
تشحت,1,
يقمع,1,
يتعاطيان,1,
يصدون,1,
تحرقوا,1,
تنزانيا,1,
يهدرون,1,
يصافحون,1,
يتراجعان,1,
يحددان,1,
تغسل,1,
تتطلبه,1,
تشت,1,
تاثيث,1,
تشارلتون,1,
يسلّمون,1,
يرسلوا,1,
ينكد,1,
تصّعد,1,
تعرضتي,1,
تفتيشيه,1,
تكدر,1,
يستنكرن,1,
تنديدهم,1,
يسترد,1,
تصادف,1,
تربطه,1,
يستخدمهم,1,
تنتظرالانقاذ,1,
ياخروف,1,
يكسب,1,
يحموني,1,
تخوفونا,1,
تحاربين,1,
تويتراخوان,1,
تخبئ,1,
تتاهب,1,
يخص,1,
يستدعيعبد,1,
يقررنقل,1,
تسطو,1,
تضرر,1,
يضحك,1,
تحليلات,1,
تفردت,1,
تحملني,1,
تصنيعه,1,
تربويين,1,
يتهماه,1,
تتخاصم,1,
ياخدوا,1,
يطالبالمخابرات,1,
يهنا,1,
يختلق,1,
تفضي,1,
يستعينوا,1,
يعظّم,1,
تمردنا,1,
تسويقه,1,
يتجمع,1,
يستفسر,1,
يتجهان,1,
تصريحاتهشام,1,
توسّع,1,
تصرفات,1,
يعترفون,1,
تاريخهم,1,
يجاهد,1,
توست,1,
تواضروسنصلي,1,
تمويلا,1,
تجربتها,1,
ترحّل,1,
تتسابق,1,
يوكو,1,
تمنحنا,1,
يفحصان,1,
ينقصها,1,
تركيّة,1,
يشعلان,1,
يربك,1,
ينشا,1,
يذكّر,1,
تشيكيين,1,
تشو,1,
يستعملون,1,
تغضب,1,
يصمد,1,
تدن,1,
يتنازلا,1,
تنقح,1,
يخلفنا,1,
تتملك,1,
تخطو,1,
ينتقمون,1,
تنقض,1,
يصيبها,1,
تمتزج,1,
يؤذي,1,
ينفذوا,1,
تعوي,1,
تستدين,1,
تونسالنهضة,1,
يفرضون,1,
تصمم,1,
يجدي,1,
يرحّب,1,
يضعان,1,
تعهداته,1,
يؤبن,1,
يقطعوا,1,
تنشيطا,1,
يلتزمون,1,
يفسدون,1,
تنسيقة,1,
يوزعان,1,
تجدي,1,
تصفيف,1,
يستوجب,1,
يدي,1,
تشوية,1,
ياخذوا,1,
تحضيرا,1,
يكتسب,1,
يعفي,1,
تسند,1,
تكشفوا,1,
تخلصت,1,
يعينك,1,
يولون,1,
تيقن,1,
يعبئ,1,
يدار,1,
تركيةواشنطن,1,
يفهمون,1,
تواجدنا,1,
يلقبون,1,
يستهزئ,1,
تفاجانا,1,
يديرونه,1,
يكرس,1,
يقدنّ,1,
تيخة,1,
يادكتور,1,
يتهافت,1,
يطمئننا,1,
تقليصه,1,
تعلقت,1,
تداولا,1,
توجههم,1,
يعاكس,1,
يصبر,1,
يعادي,1,
تشويهي,1,
تعبيء,1,
يعقر,1,
يعادل,1,
تحاصرها,1,
تصريحاتكم,1,
تدخلوا,1,
يتبادل,1,
يلتف,1,
يتقبل,1,
تتحلي,1,
يحتقرون,1,
تزد,1,
يطن,1,
تصرّح,1,
تقراها,1,
تشيد ,1,
تقررمنع,1,
يدبر,1,
تحصينه,1,
تتغيب,1,
يغلقونه,1,
تسببه,1,
يبكه,1,
تجيد,1,
تسطع,1,
تتناقص,1,
تلومناش,1,
تقيّد,1,
يوسط,1,
يتجاوزون,1,
يحلّوا,1,
تفاضل,1,
يوفران,1,
تضرم,1,
تستدرج,1,
يعرفونني,1,
يقترض,1,
يميل,1,
تتهاوي,1,
يلقن,1,
تحريك,1,
يتصوره,1,
يروز,1,
تالقي,1,
تعاتب,1,
يرغبان,1,
يقوده,1,
يجرح,1,
يلقنون,1,
ترضخ,1,
تكريمهم,1,
تتعاقدان,1,
تليمةلدي,1,
يلتسن,1,
تصورت,1,
تظن,1,
تدخلكيدال,1,
تصديرية,1,
تصفيتها,1,
تواجهه,1,
يمسكون,1,
يستحقونها,1,
يساعدنا,1,
تركزت,1,
يتقمص,1,
تتهيا,1,
يطالبمرسي,1,
تنشط,1,
تواضروس ,1,
يتعارضان,1,
تطورت,1,
يستعرضان,1,
تشرفوا,1,
يرجيء,1,
يليق,1,
تحتفلان,1,
تحجيم,1,
تكتسي,1,
يتحكموا,1,
ياجدع,1,
يستخدمها,1,
تسللهم,1,
تلميذا,1,
يلتزموا,1,
تواطات,1,
تجتذب,1,
تدخلان,1,
ينقص,1,
يسافران,1,
يكفيني,1,
يقضم,1,
تمتعه,1,
يفك,1,
توظفها,1,
يذكركم,1,
ينوه,1,
تحاسب,1,
يتمناه,1,
يحتضر,1,
تتركز,1,
تجميلية,1,
يستعينان,1,
يلزام,1,
يسببون,1,
يرتكبونه,1,
يكمن,1,
يلتقط,1,
تتعري,1,
تعاونية,1,
يتكتم,1,
يهددن,1,
تملاء,1,
يرسمها,1,
تيساليت,1,
يتماثل,1,
يحتشد,1,
يتفرج,1,
تشهير,1,
تطلبه,1,
تنزلق,1,
توترات,1,
تبادلوا,1,
تحياتي,1,
تشطيبية,1,
تطلق ,1,
يزعمون,1,
ينتهجون,1,
يتخيل,1,
تمكنوا,1,
يخدع,1,
يمين,1,
تفاعلات,1,
تعقب,1,
تقنع,1,
تانتلوم,1,
تشاور,1,
يدخلنا,1,
تحجب,1,
يكبدها,1,
تطالبوا,1,
تفريعة,1,
يتعلما,1,
تذكاري,1,
يخضعان,1,
توريطة,1,
يمتلكون,1,
يتسع,1,
يدفعان,1,
يخّيم,1,
تعيني,1,
يفضح,1,
تنهال,1,
تشومسكيالولايات,1,
تهز,1,
يحذرالسياسيين,1,
تحرردعوي,1,
يتجسسون,1,
يختفي,1,
تحاكي,1,
تجدّد,1,
يدخلان,1,
يتلقيان,1,
تواكب,1,
تبعده,1,
ياحبيبتي,1,
يلفق,1,
يعشق,1,
تمادينا,1,
ياكلون,1,
يلقب,1,
تمزيقه,1,
يتمدد,1,
تحفه,1,
تحفل,1,
يهرّب,1,
يكتببلاك,1,
يؤجلان,1,
ينصّب,1,
يهيمن,1,
يمهلونا,1,
تخفيضها,1,
يخترقوا,1,
يتداول,1,
تنافسها,1,
يرصد ,1,
ترتب,1,
يغتنم,1,
يعتزمن,1,
يقتني,1,
يخلصك,1,
ترزيين,1,
يعري,1,
يؤهلها,1,
تحالفه,1,
توقيعا,1,
تغتال,1,
تبواتم,1,
يقبعون,1,
تامينها,1,
تستدرجان,1,
يقطعان,1,
تعهدهم,1,
تتجاوب,1,
تستغني,1,
تورنت,1,
تشابك,1,
تخلّص,1,
تتمدد,1,
يصّر,1,
تورا,1,
تشاورت,1,
ينزع,1,
يطلبة,1,
يرضينا,1,
ينوب,1,
يخاطر,1,
تحاربهم,1,
ينقصنا,1,
تجنبنا,1,
يستفيد,1,
يقدمن,1,
تتراباك,1,
يؤثرون,1,
يصدرها,1,
يسيرون,1,
يستاجر,1,
يباركون,1,
تنضف,1,
تتمثل,1,
يتاهلون,1,
تنقلهما,1,
تمييز,1,
يخلو,1,
يشيعان,1,
يروجان,1,
تشييد,1,
تبلد,1,
يستطيعوا,1,
توازنه,1,
تخشون,1,
يتنفس,1,
تحيطنا,1,
تحفظه,1,
يسلّح,1,
تقلد,1,
يحرمها,1,
يتقي,1,
يساندون,1,
ييش,1,
تماريننا,1,
يضعنا,1,
تجهّز,1,
تراجعتونعالج,1,
يحتكر,1,
توجهنا,1,
تمكنت,1,
توافقية,1,
تغول,1,
تكريز,1,
تنطفئ,1,
توصيلة,1,
تتفوق,1,
يقينبسبب,1,
تنزف,1,
يغرقان,1,
ينقبان,1,
تصاب,1,
توقيعي,1,
تركيةالحكومة,1,
تقدّم,1,
يحيطون,1,
ترتاح,1,
يبدء,1,
تخليه,1,
يشتريها,1,
يشر,1,
تتنزه,1,
يابديع,1,
يطالبوا,1,
تكليفات,1,
تستعيدان,1,
تاتليتوغ,1,
يشتبك,1,
يؤمرون,1,
توقعت,1,
تسلّم,1,
ياخذني,1,
تقاصيل,1,
يسدون,1,
تزار,1,
تسول,1,
يحالفنا,1,
يعجزون,1,
تحويله,1,
تانية,1,
تنادينا,1,
يستدرجان,1,
يرتبط,1,
يطريق,1,
تتهمهما,1,
يقذف,1,
تونة,1,
يحزنني,1,
يتزعمون,1,
تواجدهما,1,
تتقلص,1,
تفاح,1,
تعاملاتها,1,
ترتوي,1,
تبريد,1,
تلف,1,
تفند,1,
تكذيبها,1,
يضحكون,1,
يحملن,1,
تهين,1,
يترشحن,1,
يتقدّم,1,
تذمر,1,
تحريم,1,
يرونه,1,
تسويته,1,
يعاهد,1,
ترسيم,1,
يستعلم,1,
تذكرها,1,
تعجبني,1,
يعرفوش,1,
يتواجدان,1,
يحتكم,1,
تكفر,1,
تعظيم,1,
تجاوزه,1,
يدفعه,1,
يرضوا,1,
تجهضولكل,1,
تورطي,1,
تدريبهن,1,
يشتركان,1,
يحلمون,1,
يحصن,1,
ينتصر,1,
توري,1,
يلفقوا,1,
يترجم,1,
يجمدون,1,
تشتغل,1,
تقريرايران,1,
يسارعون,1,
يشربون,1,
يحبون,1,
تعرفون,1,
تحقيقهما,1,
تعتيم,1,
تشاؤما,1,
تشيكي,1,
تحليلتحويل,1,
تحم,1,
تعاير,1,
تعديهم,1,
ينايرالماضي,1,
يشيّعون,1,
يابنت,1,
يراقبه,1,
تولول,1,
تحصلا,1,
تتذوق,1,
يصنعان,1,
ينفصل,1,
يرمز,1,
تشطب,1,
تقسوا,1,
يتاجروا,1,
تاريخيه,1,
تصطحب,1,
يحتفظ,1,
يتربع,1,
تاثيرها,1,
تذكر,1,
تكونت,1,
تدعوهم,1,
يلطف,1,
تدعو ,1,
يحيموفيتش,1,
تهاوننا,1,
يذيع,1,
يجرّم,1,
يوناميد,1,
تقفز,1,
تعب,1,
تلد,1,
تلت,1,
تتركهم,1,
تخلطه,1,
تعهدت,1,
يصليوالخروج,1,
تدرسان,1,
يستدل,1,
يبتزون,1,
تهكموا,1,
تعدينية,1,
تراوغنا,1,
ينتابه,1,
يبلغني,1,
تجسيد,1,
تنقالات,1,
تلوح,1,
يزج,1,
تسممهم,1,
يخول,1,
يطرب,1,
تبيد,1,
تهرّب,1,
يدعوالعريفيلخطبة,1,
ي,1,
يستنكررفع,1,
توقّع,1,
يهدفوا,1,
تفترض,1,
يدفعني,1,
يزرون,1,
يؤدبون,1,
يعكف,1,
يفبرك,1,
تضغط,1,
تختارين,1,
ياكلوا,1,
تظنون,1,
يرتكبه,1,
تبرزان,1,
تتصل,1,
يصوتان,1,
يستشكل,1,
تؤازر,1,
تعهداتها,1,
تكذيب,1,
تيران,1,
ينعاني,1,
توفيا,1,
تريان,1,
يشوه,1,
تدلّ,1,
تستعمل,1,
يحتفون,1,
تجيزان,1,
تتضح,1,
تجوي,1,
تصارع,1,
يؤازران,1,
تجول,1,
يوبخ,1,
يوفرها,1,
تخلفه,1,
تغيّب,1,
تخويف,1,
تحييد,1,
تزويدنا,1,
تنسب,1,
يستجوب,1,
تسكت,1,
يستحمون,1,
يضاء,1,
يحققان,1,
تعوضيات,1,
يونية,1,
توامة,1,
تستشرنا,1,
تكرس,1,
يساندنا,1,
تيفي,1,
يتكفل,1,
يركعن,1,
يفرقهم,1,
يفسر,1,
تتصدران,1,
تشفي,1,
ييلو,1,
تنخفض,1,
تفادي,1,
يستضف,1,
ينبشون,1,
تسليحها,1,
تمثالي,1,
يهوديات,1,
يتوافق,1,
تجني,1,
تعريفتها,1,
تدخلنا,1,
يمكنهم,1,
يفقهون,1,
تقصير,1,
تستنزف,1,
توفق,1,
ينشد,1,
توريث,1,
ينشط,1,
تسنتكر,1,
تؤت,1,
يتهمنا,1,
يقتلوا,1,
يشعروا,1,
تعامدت,1,
يستقبلنجاد,1,
تريمف,1,
يمنعه,1,
يتنبا,1,
تمارسه,1,
تاحا,1,
تعملان,1,
يوفد,1,
يتطاول,1,
يلوح,1,
تقاضيهم,1,
يواري,1,
يقام,1,
تتهمه,1,
تقرّر,1,
ينتظمان,1,
ترويجهما,1,
يتظلمون,1,
يفترشن,1,
ينصبه,1,
تحسنوتقييمه,1,
ترسو,1,
يكشر,1,
يكتبالسفينة,1,
يعزو,1,
ياخذهمخربوا,1,
تصادق,1,
يدرسها,1,
يتيح,1,
يهدّدون,1,
يسالون,1,
يغتصبون,1,
توقيعنا,1,
تراجعوا,1,
يستعديني,1,
تناقشان,1,
ترددوا,1,
يعيدان,1,
تدعونا,1,
تطالبالاموال,1,
تقلبات,1,
يضطهدون,1,
يتمزق,1,
تسب,1,
تسمية,1,
يتطرقون,1,
تسافر,1,
يحتّل,1,
ينافسون,1,
يحظ,1,
تراكم,1,
يجنون,1,
تسكن,1,
تامينهم,1,
توضيحا,1,
يسعدنا,1,
يقبلوا,1,
يعيرك,1,
تطلخت,1,
يصرخ,1,
تخيم,1,
تربطنا,1,
تعبث,1,
تمزيق,1,
تنديد,1,
تربية,1,
تليجرافغارة,1,
يدمج,1,
يلقوا,1,
تكتباستيراد,1,
تربص,1,
تلمحان,1,
يختلفون,1,
تنبه,1,
يتسارع,1,
يثنون,1,
يطعنان,1,
يهتفن,1,
تؤبن,1,
تخلت,1,
يخضعون,1,
تسلقوا,1,
تموينية ,1,
تضامنه,1,
يبرّئ,1,
تنجب,1,
تندب,1,
ياحاج,1,
ينزف,1,
تشحنوا,1,
تستفيدا,1,
يسيء,1,
تتسوق,1,
يلقتي,1,
يوصلون,1,
ينتظرنا,1,
تفعيلا,1,
تفوقت,1,
يقدّر,1,
يوبي,1,
تعويضا,1,
تتطيح,1,
تهديداهذا,1,
تريلير,1,
يطيقون,1,
تتجاهلنا,1,
تتشكك,1,
يستبقون,1,
يستني,1,
تذل,1,
تحتفر,1,
يوماوعبدالمقصود,1,
تبكير,1,
يشغلون,1,
تتخط,1,
يتبنون,1,
ينفذها,1,
يعصمهم,1,
يجند,1,
تثقيفية,1,
تلملم,1,
تفرزه,1,
تغيبصباحيالانقاذ,1,
تنقيح,1,
يشترطون,1,
تنقية,1,
تنقيب,1,
تمتص,1,
تعسفية,1,
يكذّب,1,
تراماجاك,1,
تجلي,1,
تتصارع,1,
يترشحان,1,
يقوض,1,
تحدّد,1,
يخضنّ,1,
تلفها,1,
تايمزالتعديل,1,
يطوي,1,
تشادية,1,
يطول,1,
يجمعان,1,
تشجيع,1,
تراجعه,1,
تعمده,1,
توظيفها,1,
يفضفضون,1,
تهوي,1,
تنتصف,1,
يقوموا,1,
يضل,1,
يناديكم,1,
تسجن,1,
يهددها,1,
تصريحه,1,
تطلعنا,1,
تجاهلته,1,
تسترجع,1,
تنصلا,1,
يحتجزون ,1,
ترجّح,1,
ترفضان,1,
تنصلح,1,
يمولها,1,
يفعلوا,1,
تكبد,1,
تفرط,1,
يوجهون,1,
ترشحي,1,
يليه,1,
تعريب,1,
تعاقداتهم,1,
تايمزعلي,1,
تعطيله,1,
تاميم,1,
يعاد,1,
تروّج,1,
يعتكفون,1,
تحركاتك,1,
تراقبها,1,
تابينكريستي,1,
تناولي,1,
تعطش,1,
تفهمنا,1,
تشتيت,1,
تستسلم,1,
يعتقدون,1,
تغيبت,1,
يضفي,1,
تجاوبت,1,
تعاقدت,1,
تنتسب,1,
تتورط,1,
يثنينا,1,
ينفدوالانقلاب,1,
يستحوذ,1,
تجسس,1,
ياوزير,1,
تصبه,1,
تتصرف,1,
تخاذلت,1,
تاكيدها,1,
تسببوا,1,
تيتان,1,
يقرءون,1,
يضربها,1,
يحملكم,1,
يطلقالخرطوش,1,
يشملها,1,
يؤجّل,1,
يتوجب,1,
يلتزما,1,
تلدن,1,
يريده,1,
يستمروا,1,
يتح,1,
يتزوجون,1,
تزويرها,1,
يستولوا,1,
تذكيرا,1,
تشتد,1,
تقسيمة,1,
تتوجهان,1,
تزوران,1,
تكشفان,1,
يحكي,1,
ينتظرها,1,
يحرجون,1,
توفقها,1,
تنبذ,1,
يزحفون,1,
تقريرالجندي,1,
تختتمان,1,
تدعمهم,1,
تخفّض,1,
يخربيتك,1,
يفوضون,1,
تاتوم,1,
تميم,1,
ينشان,1,
تبهج,1,
تاملات,1,
تعذبوا,1,
يتسحل,1,
تؤهل,1,
تهزمها,1,
تشجب,1,
تنهزم,1,
تصالحت,1,
تصلني,1,
تجعلك,1,
تتبدد,1,
تمن,1,
تضيئها,1,
يلتقيزعزوع,1,
يحلل,1,
يضعها,1,
ينتفضن,1,
يختص,1,
تهتك,1,
يتاكد,1,
تناشدمرسي,1,
تطمس,1,
تنتحل,1,
تعديه,1,
يقلقني,1,
تعدٍ,1,
تيري,1,
يغرقنا,1,
تعده,1,
تحاورت,1,
تحصن,1,
تستميت,1,
يعاقبون,1,
ينظمه,1,
تدعوهما,1,
تلفظ,1,
يقوز,1,
تشومسكي,1,
توقعاتي,1,
تطبيقا,1,
تطمينات,1,
تحويلها,1,
تسلمنا,1,
تسكينالف,1,
ينام,1,
يسبون,1,
ينتظرني,1,
يقاضين,1,
يقودوا,1,
تايماحداث,1,
ينصرفون,1,
يغطيها,1,
تسريحهم,1,
تجاهنا,1,
تتوسط,1,
تاواضروس,1,
تكفل,1,
يستنكرالعنف,1,
ينهين,1,
يوميّا,1,
يتوافد,1,
تؤهلنا,1,
يحفّز,1,
يلطخ,1,
يطهرون,1,
يضلل,1,
تهمني,1,
ترقص,1,
تنسينا,1,
تايكوندو,1,
ييدا,1,
يضخم,1,
يؤازرون,1,
تنطم,1,
تنائج,1,
يتعادلان,1,
يسكت,1,
تنسوا,1,
تخافش,1,
يقمعون,1,
تكيفت,1,
يفهم,1,
تصويتنا,1,
يستهين,1,
يتجزا,1,
يجدون,1,
يصدّق,1,
ترقي,1,
يكف,1,
تعدٍّ,1,
يفرضه,1,
توقيفات,1,
يستعراضان,1,
يتجرا,1,
تفعّل,1,
تسريبات,1,
يوفق,1,
تفرقة,1,
يائير,1,
يلوّحون,1,
يعتصره,1,
يفلح,1,
تعيّن,1,
تنظيمها,1,
تعلموا,1,
يمولنا,1,
تمرين,1,
يحتجوا,1,
تاجيج,1,
تعيينن,1,
يخرجنا,1,
تصنيعهم,1,
تزعمه,1,
تصويتا,1,
يتمتع,1,
تصم,1,
يما,1,
تشارليز,1,
تعلّم,1,
يتدخلون,1,
تليغرافمخاوف,1,
تراحيل,1,
تولية,1,
يصلوا,1,
يتقاضاه,1,
يحلف,1,
تكمم,1,
يحلق,1,
تدعوالقوي,1,
تناقلته,1,
يقدموا,1,
يتقاعد,1,
يشوّه,1,
يحوّل,1,
يمدون,1,
تتدمر,1,
تواجهان,1,
يتفاعل,1,
تخترقان,1,
يتمسكون,1,
يعدم,1,
تنكشف,1,
تربطهم,1,
يشكلا,1,
يتعاطي,1,
تتسلط,1,
تغليب,1,
يحتو,1,
تغليظ,1,
تطمح,1,
يحافظون,1,
ترويع,1,
تيجان,1,
تغيرا,1,
تهددنا,1,
تاثيرات,1,
يتجهوا,1,
يتفهم,1,
ترفرف,1,
يتزعمهم,1,
تعامد,1,
تسريبها,1,
تسيسه,1,
تؤلف,1,
يعفو,1,
تعميم,1,
يتبقي,1,
تفقدت,1,
تستعصي,1,
تنضبط,1,
تهييس,1,
يحصدان,1,
يتقد,1,
تلهب,1,
ينتظره,1,
تتسم,1,
يصفالجزيرة,1,
يعاملنا,1,
يقطعن,1,
تطلبها,1,
تفصلون,1,
يحتفلن,1,
تعاقدهم,1,
تغتفر,1,
تعادله,1,
يرجئون,1,
تزكم,1,
تخجل,1,
تخريبالقاهرة,1,
يخطفان,1,
تصنيعها,1,
تنسيقيات,1,
تتقابلن,1,
يعتنق,1,
يتعالي,1,
تخفي,1,
يباغت,1,
تفقدها,1,
يحتجزوا,1,
تؤذن,1,
توافدا,1,
تعسفي,1,
يستحون,1,
تلميذين,1,
يتعجل,1,
يلعن,1,
تحركها,1,
يستقبلا,1,
يتجهن,1,
يحافظ,1,
تطبيقهم,1,
يتعاط,1,
تسعير,1,
يتعانقان,1,
تشدده,1,
يفهمهات,1,
تهما,1,
يربطان,1,
يورونيوز,1,
يكش,1,
يجبرونهم,1,
تستيقظ,1,
يكفله,1,
تقررحبس,1,
يفتتحوا,1,
تكشفالخبز,1,
تتزامن,1,
تشيعهم,1,
تنحني,1,
ترفعها,1,
تخطتف,1,
تلميع,1,
يشاهدان,1,
تكتيكية,1,
يمدح,1,
يرسي,1,
يصرعون,1,
تتطهر,1,
يمارسه,1,
يزاحم,1,
تطلقان,1,
يسافروا,1,
تتعاطف,1,
تليفزيونيةالاخوان,1,
يامرسي,1,
يقرران,1,
يتبراون,1,
تملكها,1,
تخلّوا,1,
تقيد,1,
يسطو,1,
يعلنوا,1,
يغلقوا,1,
تنقي,1,
يحترف,1,
يعلّي,1,
تحليه,1,
تنجو,1,
تنازلها,1,
يستخدمان,1,
تتعجل,1,
تحليق,1,
تورنيدو,1,
يمتدح,1,
يتضامنان,1,
تالت,1,
تستعدان,1,
يتخذون,1,
تهربه,1,
تلتقط,1,
تتداول,1,
تغمر,1,
يخلدون,1,
تغيّر,1,
يزوروا,1,
تفجيري,1,
تخرق,1,
يحسب,1,
تقوده,1,
يستنكرا,1,
يغطيان,1,
يعتزمون,1,
يوثقوا,1,
يعتمدون,1,
يصوب,1,
يلجئون,1,
تستفز,1,
يعجل,1,
تنوع,1,
يمكنني,1,
يخصصون,1,
توليمرسي,1,
يتبعنا,1,
تلطيخ,1,
تظاهرتين,1,
تبرعوا,1,
يتعادلون,1,
يجتازون,1,
يحلقون,1,
يتحدثان,1,
تصديا,1,
يوحنا,1,
يلتقي ,1,
تمكّن,1,
تغلّب,1,
تناجي,1,
تاليف,1,
تستهدفان,1,
تتسع,1,
يثق,1,
يصوران,1,
تعينات,1,
تخلّف,1,
يحّذرون,1,
يعرّض,1,
ياسيدي,1,
يجبران,1,
تضحياتكم,1,
تضررت,1,
يريدنا,1,
ينصت,1,
تنمويا,1,
يشهد ,1,
تحليلي,1,
يهاجمالانقاذويطالب,1,
تماثل,1,
تدميرها,1,
تنغص,1,
يرتقي,1,
يتمكنون,1,
يتطاير,1,
يجيبوك,1,
يفوزعلي,1,
تريشيه,1,
ينكرون,1,
يستغرب,1,
تعثرت,1,
تليغراف,1,
يخافون,1,
تقولها,1,
تامروا,1,
تلقائية,1,
تاسيسه,1,
يطرقون,1,
تحكي,1,
ينتوون,1,
تتقرب,1,
ينتزعها,1,
تطالبقنديل,1,
يتضررون,1,
تتاكد,1,
تعديا,1,
يابانيا,1,
يقرّان,1,
تزدهر,1,
يتعلمون,1,
يحمينا,1,
يعجبهم,1,
توشك,1,
يحقّق,1,
تقتربان,1,
يسمحوا,1,
ينص,1,
يشجب,1,
تعرت,1,
يضطلع,1,
